ISBN,상품명,저자,출판사,분야,권수,누적권수
9788936434120,소년이 온다 - 2024 노벨문학상 수상작가,한강 (지은이),창비,국내도서>소설/시/희곡>한국소설>2000년대 이후 한국소설,17.0,17.0
9791193506516,초역 부처의 말 - 2500년 동안 사랑받은,"코이케 류노스케 (지은이), 박재현 (옮긴이)",포레스트북스,국내도서>인문학>교양 인문학,18.0,35.0
9788936434595,채식주의자 (리마스터판) - 2024 노벨문학상 수상작가,한강 (지은이),창비,국내도서>소설/시/희곡>한국소설>2000년대 이후 한국소설,17.0,52.0
9788954682152,"작별하지 않는다 - 2024 노벨문학상 수상작가, 한강 장편소설",한강 (지은이),문학동네,국내도서>소설/시/희곡>한국소설>2000년대 이후 한국소설,17.0,69.0
9791130646381,이처럼 사소한 것들,"클레어 키건 (지은이), 홍한별 (옮긴이)",다산책방,국내도서>소설/시/희곡>세계의 소설>아일랜드소설,18.0,87.0
9791173320620,나의 완벽한 비서 대본집 2,지은 (지은이),김영사,국내도서>예술/대중문화>영화/드라마>시나리오/시나리오작법,17.0,104.0
9791173320613,나의 완벽한 비서 대본집 1,지은 (지은이),김영사,국내도서>예술/대중문화>영화/드라마>시나리오/시나리오작법,17.0,121.0
9791192389233,마음의 기술 - 부정적 감정을 지우는 효과적인 뇌 사용법,"안-엘렌 클레르, 뱅상 트리부 (지은이), 구영옥 (옮긴이)",상상스퀘어,국내도서>인문학>심리학/정신분석학>교양 심리학,17.0,138.0
9791169851053,어른의 행복은 조용하다,태수 (지은이),페이지2(page2),국내도서>에세이>한국에세이,17.0,155.0
9791187011590,데미안 (오리지널 초판본 표지디자인) - 최신 원전 완역본,"헤르만 헤세 (지은이), 이미영 (옮긴이), 김선형 (해설)",코너스톤,국내도서>소설/시/희곡>독일소설,17.0,172.0
9791141601638,"설자은, 불꽃을 쫓다",정세랑 (지은이),문학동네,국내도서>소설/시/희곡>역사소설>한국 역사소설,17.0,189.0
9791138928144,"2025 큰별쌤 최태성의 별★별한국사 기출 500제 한국사능력검정시험 심화 (1, 2, 3급) - 2025 시험 대비, 72~63회 수록",최태성 (지은이),이투스북,"국내도서>수험서/자격증>한국사능력검정시험>심화(1,2,3급)",17.0,206.0
9791193937396,왜 그들만 부자가 되는가 - 부의 격차를 좁히는 진짜 돈의 모습,"필립 바구스, 안드레아스 마르크바르트 (지은이), 배진아 (옮긴이)",북모먼트,국내도서>경제경영>경제학/경제일반>경제이야기,17.0,223.0
9791190669030,삼국지 원전 완역판 세트 - 전10권,"요시카와 에이지 (엮은이), 나관중 (원작), 바른번역 (옮긴이)",코너스톤,국내도서>소설/시/희곡>역사소설>외국 역사소설,17.0,240.0
9788917239508,ETS 토익 정기시험 기출문제집 1000 Vol. 4 Reading (리딩) - 토익 기출문제 독점출간/ ALL NEW 최신기출 10회 수록/ 문제집+해설집+무료 동영상 강의+기출어휘 단어장(PDF)+APP 모바일 학습,ETS (엮은이),(주)YBM(와이비엠),국내도서>외국어>토익>Reading,18.0,258.0
9788917239492,ETS 토익 정기시험 기출문제집 1000 Vol. 4 Listening (리스닝) - 토익 기출문제 독점출간/ ALL NEW 최신기출 10회 수록/ 문제집+해설집+무료 정기시험 성우 MP3+무료 동영상 강의+기출어휘 단어장(PDF)+APP 모바일 학습,ETS (엮은이),(주)YBM(와이비엠),국내도서>외국어>토익>Listening,18.0,276.0
9791192097978,지적 대화를 위한 넓고 얕은 지식 무한 - 지식과 지혜를 실천으로 이끄는 마음 여행서,채사장 (지은이),웨일북,국내도서>인문학>교양 인문학,17.0,293.0
9791138928120,"2025 큰별쌤 최태성의 별★별한국사 한국사능력검정시험 심화(1, 2, 3급) 하 - 한국사능력검정시험 심화(1, 2, 3급)에 대비한 맞춤 기본서",최태성 (지은이),이투스북,"국내도서>수험서/자격증>한국사능력검정시험>심화(1,2,3급)",17.0,310.0
9791139716146,행동하지 않으면 인생은 바뀌지 않는다 - 위대한 변화를 이끌어내는 아주 작은 실행의 힘,"브라이언 트레이시 (지은이), 정지현 (옮긴이)",현대지성,국내도서>자기계발>성공>성공학,17.0,327.0
9791167701145,팩트체크의 기초 - 당신의 콘텐츠가 가짜가 되지 않게,"브룩 보렐 (지은이), 신소희 (옮긴이)",유유,국내도서>사회과학>언론/미디어>언론학/미디어론,17.0,344.0
9788954651134,"흰 - 2024 노벨문학상 수상작가, 한강 소설","한강 (지은이), 최진혁 (사진)",문학동네,국내도서>소설/시/희곡>한국소설>2000년대 이후 한국소설,17.0,361.0
9788937473401,급류,정대건 (지은이),민음사,국내도서>소설/시/희곡>한국소설>2000년대 이후 한국소설,17.0,378.0
9791138928113,"2025 큰별쌤 최태성의 별★별한국사 한국사능력검정시험 심화(1, 2, 3급) 상 - 한국사능력검정시험 심화(1, 2, 3급)에 대비한 맞춤 기본서",최태성 (지은이),이투스북,"국내도서>수험서/자격증>한국사능력검정시험>심화(1,2,3급)",17.0,395.0
9791198854315,퓨처 셀프 30만 부 기념 스페셜 에디션 - 현재와 미래가 달라지는 놀라운 혁명,"벤저민 하디 (지은이), 최은아 (옮긴이)",상상스퀘어,국내도서>자기계발>성공>성공학,17.0,412.0
9791171711673,하루 한 장 나의 어휘력을 위한 필사 노트 (컴포지션 에디션) - 할 말은 많지만 쓸 만한 말이 없는 어른들을 위한 숨은 어휘력 찾기,유선경 (지은이),위즈덤하우스,국내도서>인문학>교양 인문학,18.0,430.0
9788998441012,모순 - 개정판,양귀자 (지은이),쓰다,국내도서>소설/시/희곡>한국소설>2000년대 이전 한국소설,18.0,448.0
9788932024639,서랍에 저녁을 넣어 두었다 - 2024 노벨문학상 수상작가,한강 (지은이),문학과지성사,국내도서>소설/시/희곡>시>한국시,17.0,465.0
9788925574103,나는 AI와 공부한다 - 우리가 알고 있는 교육의 종말,"살만 칸 (지은이), 박세연 (옮긴이)",알에이치코리아(RHK),국내도서>인문학>교양 인문학,17.0,482.0
9791170403203,심장보다 단단한 토마토 한 알,고선경 (지은이),열림원,국내도서>소설/시/희곡>시>한국시,17.0,499.0
9791193904251,소득혁명 - 당신의 자산이 스스로 일하게 하라,"브라이언 페이지 (지은이), 김정혜 (옮긴이)",서삼독,국내도서>자기계발>성공>성공학,17.0,516.0
9791130662596,시간의 계곡,"스콧 알렉산더 하워드 (지은이), 김보람 (옮긴이)",다산책방,국내도서>소설/시/희곡>영미소설,17.0,533.0
9788965422785,해커스 토익 기출 VOCA (보카) - 주제별 연상암기로 토익 영단어 30일 완성! RC/LC 필수 토익 보카 [최신 기출 어휘+출제포인트 수록ㅣ단어암기 어플 제공],David Cho (지은이),해커스어학연구소(Hackers),국내도서>외국어>토익>Vocabulary,18.0,551.0
9788954616515,희랍어 시간 - 2024 노벨문학상 수상작가,한강 (지은이),문학동네,국내도서>소설/시/희곡>한국소설>2000년대 이후 한국소설,17.0,568.0
9791168342569,너의 유토피아,정보라 (지은이),래빗홀,국내도서>소설/시/희곡>과학소설(SF)>한국 과학소설,17.0,585.0
9791199025622,K민주주의 내란의 끝 - 역사학자 전우용과 앵커 최지은의 대담,"전우용, 최지은 (지은이)",책이라는신화,국내도서>사회과학>비평/칼럼>한국사회비평/칼럼,17.0,602.0
9791191975277,"작심하고 다시, 기자 - 권력의 비리를 감시하고, 추적하고, 고발하는 기자, 장인수의 취재 열전",장인수 (지은이),시월,국내도서>사회과학>언론/미디어>언론인,17.0,619.0
9791194330424,"넥서스 - 석기시대부터 AI까지, 정보 네트워크로 보는 인류 역사","유발 하라리 (지은이), 김명주 (옮긴이)",김영사,국내도서>인문학>문화/문화이론>문명/문명사,17.0,636.0
9788925574394,무의식은 어떻게 나를 설계하는가 - 나를 살리기도 망치기도 하는 머릿속 독재자,"데이비드 이글먼 (지은이), 김승욱 (옮긴이)",알에이치코리아(RHK),국내도서>과학>뇌과학>뇌과학 일반,17.0,653.0
9791158395674,이지패스 2025 ADsP 데이터분석 준전문가 (수험서 앱 제공),"전용문, 박현민 (지은이)",위키북스,국내도서>컴퓨터/모바일>활용능력>신규 자격증/자격증 기타,17.0,670.0
9791191769944,"결코, 배불리 먹지 말 것 - 성공과 행복을 이루고 싶다면!, 개정판","미즈노 남보쿠 (지은이), 서진 (엮은이)",스노우폭스북스,국내도서>자기계발>성공>성공학,17.0,687.0
9791193383193,일의 감각,조수용 (지은이),B Media Company,국내도서>자기계발>성공>성공학,17.0,704.0
9791193937150,내가 원하는 것을 나도 모를 때,전승환 (지은이),북로망스,국내도서>인문학>교양 인문학,17.0,721.0
9788936439651,대온실 수리 보고서,김금희 (지은이),창비,국내도서>소설/시/희곡>한국소설>2000년대 이후 한국소설,1.0,722.0
9791140711970,기록이라는 세계,리니 (지은이),더퀘스트,국내도서>자기계발>시간관리/정보관리>정보관리,1.0,723.0
9791194156116,AI 시대 생존 전략 - 구글 AI 엔지니어가 공개한 AI 활용 비법,"세가 쳉 (지은이), 홍민경 (옮긴이), 샤오위핀 (정리)",더페이지,국내도서>자기계발>성공>성공학,1.0,724.0
9788960306431,"미국 주식 투자의 정석 - 6,000만 뷰 유튜버 '미주은'의 투자 교과서",최철 (지은이),황금부엉이,국내도서>경제경영>재테크/투자>주식/펀드,1.0,725.0
9791198854384,김재우의 기초 영어회화 100 - 원어민처럼 자연스러운 영어 말하기 첫걸음,김재우 (지은이),상상스퀘어,국내도서>외국어>영어회화>생활영어,1.0,726.0
9791197953965,비트코인이 곧 신분이다,도리도리 (지은이),샤샤,국내도서>경제경영>트렌드/미래전망>블록체인/디지털자산,1.0,727.0
9788901289328,무기력 디톡스 - 지친 마음에 시동을 거는 마인드 부스팅 수업,윤대현 (지은이),웅진지식하우스,국내도서>인문학>심리학/정신분석학>교양 심리학,1.0,728.0
9788932924892,내전은 어떻게 일어나는가,"바버라 F. 월터 (지은이), 유강은 (옮긴이)",열린책들,국내도서>사회과학>정치학/외교학/행정학>외교정책/외교학,1.0,729.0
9788936480608,나의 인생만사 답사기 - 유홍준 잡문집,유홍준 (지은이),창비,국내도서>에세이>명사에세이>기타 명사에세이,1.0,730.0
9791172132057,나의 폴라 일지,김금희 (지은이),한겨레출판,국내도서>에세이>한국에세이,1.0,731.0
9788982641626,상식 - 우리는 이러했다,김용옥 (지은이),통나무,국내도서>인문학>문화/문화이론>한국학/한국문화>한국인과 한국문화,1.0,732.0
9791190776752,만화로 보는 3분 철학 1 : 서양 고대 철학편,"김재훈, 서정욱 (지은이)",카시오페아,국내도서>인문학>철학 일반>교양 철학,1.0,733.0
9791169851169,나의 두 번째 교과서 x 나민애의 다시 만난 국어,"나민애 (지은이), EBS 제작팀 (기획)",페이지2(page2),국내도서>인문학>책읽기/글쓰기>글쓰기,1.0,734.0
9791130662480,닐스 비크의 마지막 하루 - 2023 브라게문학상 수상작,"프로데 그뤼텐 (지은이), 손화수 (옮긴이)",다산책방,국내도서>소설/시/희곡>세계의 소설>북유럽소설,1.0,735.0
9791198987600,트럼프 2.0 시대 - 글로벌 대격변이 시작된다,박종훈 (지은이),글로퍼스,국내도서>경제경영>경제학/경제일반>경제사/경제전망>세계 경제사/경제전망,1.0,736.0
9791194280491,헌법 필사 (스프링) - 일생에 한 번 헌법을 필사하라,대한민국 (지은이),더휴먼,국내도서>사회과학>법과 생활>헌법,1.0,737.0
9791130655925,우연은 비켜 가지 않는다,"줄리언 반스 (지은이), 정영목 (옮긴이)",다산책방,국내도서>소설/시/희곡>영미소설,1.0,738.0
9791198889508,어른의 어휘 일력 365 (스프링) - 글에 품격을 높이고 말에 우아함을 더해주는,"서선행, 이은정 (지은이)",윌마,국내도서>인문학>교양 인문학,1.0,739.0
9791191998375,나라를 위해서 일한다는 거짓말 - 한국 공직사회는 왜 그토록 무능해졌는가,노한동 (지은이),사이드웨이,국내도서>사회과학>비평/칼럼>정치비평/칼럼,1.0,740.0
9788931513073,"2025 찐합격 7개년 과년도 소방설비기사 필기 (전기①-7) - 초스피드 기억법, 7개년 과년도, 최근 개정법령 반영, 100% 상세한 해설, 해설가리개 제공",공하성 (지은이),성안당,국내도서>수험서/자격증>국가기술자격>안전관리>소방설비기사,1.0,741.0
9791141601706,다만 여행자가 될 수 있다면,박완서 (지은이),문학동네,국내도서>에세이>한국에세이,1.0,742.0
9791169813419,어떤 어른,김소영 (지은이),사계절,국내도서>에세이>한국에세이,1.0,743.0
9791194140030,나무,"고다 아야 (지은이), 차주연 (옮긴이)",책사람집,국내도서>에세이>외국에세이,1.0,744.0
9791197903007,고발,반디 (지은이),리베르타스,국내도서>소설/시/희곡>한국소설>2000년대 이후 한국소설,1.0,745.0
9791141601300,이중 하나는 거짓말 (니트 에디션) (3종 중 1종 랜덤),김애란 (지은이),문학동네,국내도서>소설/시/희곡>한국소설>2000년대 이후 한국소설,1.0,746.0
9788954697941,두 사람의 인터내셔널,김기태 (지은이),문학동네,국내도서>소설/시/희곡>한국소설>2000년대 이후 한국소설,2.0,748.0
9788984078574,유물멍 : 가만히 바라볼수록 좋은 것들,국립중앙박물관 유물 큐레이션 「아침 행복이 똑똑」 필진 (지은이),세종(세종서적),국내도서>예술/대중문화>미술>미술관/박물관/미술기행,1.0,749.0
9791198389855,2026 설보연 SANTA 교육학 2 - 2026학년도 중등임용시험 대비 최신개정판 | 2022 개정 교육과정 반영,설보연 (지은이),계획된우연,국내도서>수험서/자격증>공무원 수험서>교원임용시험>교육학,1.0,750.0
9791199075139,지금 거신 전화는 대본집 세트 - 전2권,김지운 (지은이),Birdbox,국내도서>예술/대중문화>영화/드라마>시나리오/시나리오작법,1.0,751.0
9791165219956,일본어 무작정 따라하기 완전판,후지이 아사리 (지은이),길벗이지톡,국내도서>외국어>일본어>일본어 첫걸음,2.0,753.0
9788901290713,살아 있는 자들을 위한 죽음 수업 - 한 법의학자가 수천의 인생을 마주하며 깨달은 삶의 철학,이호 (지은이),웅진지식하우스,국내도서>인문학>인문 에세이,1.0,754.0
9791192300818,마흔에 읽는 쇼펜하우어 - 마음의 위기를 다스리는 철학 수업,강용수 (지은이),유노북스,국내도서>인문학>서양철학>근대철학>쇼펜하우어,2.0,756.0
9791199059078,양심 - 호모심비우스,"최재천, 팀최마존 (지은이)",더클래스,국내도서>에세이>명사에세이>기타 명사에세이,1.0,757.0
9791193780084,나는 미국 월배당 ETF로 40대에 은퇴한다 - 7천만 원으로 월 2백만 원 받는 연 30% 이상 초고배당의 비밀,최영민 (지은이),지음미디어,국내도서>경제경영>재테크/투자>주식/펀드,1.0,758.0
9788967215552,DAY6 가사 필사집 - DAY6(데이식스) 곡 모음,삼호ETM 편집부 (엮은이),삼호ETM,국내도서>예술/대중문화>음악>악보/작곡>팝/가요/뉴에이지,1.0,759.0
9788965961956,숨결이 바람 될 때 (100쇄 기념 리미티드 에디션) - 서른여섯 젊은 의사의 마지막 순간,"폴 칼라니티 (지은이), 이종인 (옮긴이)",흐름출판,국내도서>에세이>외국에세이,1.0,760.0
9791198999108,초역 논어 - 2500년 고전에서 찾는 인생의 진리,"야스토미 아유미 (지은이), 고운기 (옮긴이)",레디투다이브,국내도서>인문학>동양철학>유교철학/주역>공자/논어,1.0,761.0
9791166188794,"경찰 헌법도약 동형모의고사 - 25년 1차 경찰시험대비 최신판, 총14회분, 280문",이국령 (지은이),윌비스(미래와사람 한림법학원),국내도서>수험서/자격증>공무원 수험서>경찰공무원(승진)>기타 과목,1.0,762.0
9791193939130,고전이 답했다 마땅히 살아야 할 삶에 대하여,고명환 (지은이),라곰,국내도서>자기계발>성공>성공학,2.0,764.0
9791187011606,수레바퀴 아래서 (오리지널 초판본 표지디자인) - 최신 원전 완역본,"헤르만 헤세 (지은이), 박지희 (옮긴이), 김선형 (해설)",코너스톤,국내도서>소설/시/희곡>독일소설,1.0,765.0
9788925574028,"당신은 사업가입니까 - 창업 전 스스로에게 물어야 할 질문들, 출간 10주년 기념 개정판","캐럴 로스 (지은이), 유정식 (옮긴이)",알에이치코리아(RHK),국내도서>경제경영>창업/취업/은퇴>창업정보,1.0,766.0
9788959897223,트렌드 코리아 2025 - 2025 대한민국 소비트렌드 전망,"김난도, 전미영, 최지혜, 권정윤, 한다혜, 이혜원, 이준영, 이향은, 추예린, 전다현 (지은이)",미래의창,국내도서>경제경영>트렌드/미래전망>트렌드/미래전망 일반,1.0,767.0
9791191587760,사물의 투명성 - 경험의 본질을 관조하다,"루퍼트 스파이라 (지은이), 김주환 (옮긴이)",퍼블리온,국내도서>인문학>심리학/정신분석학>교양 심리학,1.0,768.0
9788934991328,사피엔스 : 그래픽 히스토리 Vol.1 - 인류의 탄생,"유발 하라리 (원작), 다니엘 카사나브 (그림), 김명주 (옮긴이), 다비드 반데르묄렝 (각색)",김영사,국내도서>인문학>교양 인문학,1.0,769.0
9791190669238,1984 (오리지널 초판본 표지 디자인),"조지 오웰 (지은이), 박유진 (옮긴이), 박경서 (해설)",코너스톤,국내도서>소설/시/희곡>영미소설,1.0,770.0
9791198375339,셰리,"시도니 가브리엘 콜레트 (지은이), 장소미 (옮긴이)",녹색광선,국내도서>소설/시/희곡>프랑스소설,1.0,771.0
9791155817315,"마이라 칼만, 우리가 인생에서 가진 것들","마이라 칼만 (지은이), 진은영 (옮긴이)",윌북아트,국내도서>에세이>사진/그림 에세이,1.0,772.0
9788962626391,양자역학의 역사 - 아주 작은 것들에 담긴 가장 거대한 드라마,"데이비드 카이저 (지은이), 조은영 (옮긴이)",동아시아,국내도서>과학>물리학>양자역학,1.0,773.0
9791136797681,소드 아트 온라인 27 - J Novel,"카와하라 레키 (지은이), abec (그림), 한수진 (옮긴이)",서울문화사,국내도서>소설/시/희곡>라이트 노벨>제이(J) 노벨,1.0,774.0
9791191122862,과학을 보다 3 - 지식과 흥미를 한 번에 채우는 기발하고 수상한 과학책,"김범준, 지웅배, 이대한, 정영진 (지은이)",알파미디어,국내도서>과학>기초과학/교양과학,1.0,775.0
9788934972464,"사피엔스 - 유인원에서 사이보그까지, 인간 역사의 대담하고 위대한 질문","유발 하라리 (지은이), 조현욱 (옮긴이), 이태수 (감수)",김영사,국내도서>인문학>인류학/고고학>인류학,2.0,777.0
9791191056372,돈의 심리학 (30만 부 기념 스페셜 에디션) - 당신은 왜 부자가 되지 못했는가,"모건 하우절 (지은이), 이지연 (옮긴이)",인플루엔셜(주),국내도서>경제경영>재테크/투자>재테크/투자 일반,2.0,779.0
9791193262290,린치핀 - 세상은 이들을 따른다,"세스 고딘 (지은이), 윤영삼 (옮긴이)",필름(Feelm),국내도서>자기계발>성공>성공학,1.0,780.0
9791140712250,지능의 기원 - 우리의 뇌 그리고 AI를 만든 다섯 번의 혁신,"맥스 베넷 (지은이), 김성훈 (옮긴이), 정재승 (감수)",더퀘스트,국내도서>과학>뇌과학>뇌과학 일반,1.0,781.0
9791199029811,알트코인 레볼루션,"박종한, 김동환 (지은이)",옐로우바스켓,국내도서>경제경영>재테크/투자>가상/암호화폐,1.0,782.0
9788932027265,"사람, 장소, 환대",김현경 (지은이),문학과지성사,국내도서>사회과학>사회학>사회학 일반,1.0,783.0
9791192366470,"만성염증과 독소 잡는 쿡언니네 채소 항염식 - 매일 먹는 흔한 채소의 놀라운 힘, 오늘 당장 염증 탈출 레시피 86가지",이재연 (지은이),레시피팩토리,국내도서>요리/살림>건강요리,1.0,784.0
9791139718782,"예민해서 힘들 땐 뇌과학 - 이유 없이 우울하고, 피곤하고, 아픈 HSP를 위한 5단계 치유 플랜","린네아 파살러 (지은이), 김미정 (옮긴이)",현대지성,국내도서>과학>뇌과학>뇌과학 일반,1.0,785.0
9788901276533,"나는 메트로폴리탄 미술관의 경비원입니다 (20만 부 에디션, 양장) - 경이로운 세계 속으로 숨어버린 한 남자의 이야기","패트릭 브링리 (지은이), 김희정, 조현주 (옮긴이)",웅진지식하우스,국내도서>에세이>외국에세이,2.0,787.0
9788983711892,코스모스 - 보급판,"칼 세이건 (지은이), 홍승수 (옮긴이)",사이언스북스,국내도서>과학>천문학>우주과학,2.0,789.0
9788965424765,해커스 토익 RC Reading(리딩) 기본서 - 최신기출경향 완벽 반영｜실전모의고사 4회분 [시험장에도 들고 가는 토익 RC 필수 어휘 & 단어암기 MP3 제공],David Cho (지은이),해커스어학연구소(Hackers),국내도서>외국어>토익>Reading,2.0,791.0
9791136797599,소드 아트 온라인 프로그레시브 8 - J Novel,"카와하라 레키 (지은이), abec (그림), 박용국 (옮긴이)",서울문화사,국내도서>소설/시/희곡>라이트 노벨>제이(J) 노벨,1.0,792.0
9788932473901,이기적 유전자 - 40주년 기념판,"리처드 도킨스 (지은이), 홍영남, 이상임 (옮긴이)",을유문화사,국내도서>과학>생명과학>생명과학,2.0,794.0
9791130653136,나라는 세계,"키드 투생 (지은이), 아블린 스토카르 (그림), 이보미 (옮긴이)",놀,국내도서>청소년>청소년 문학>청소년 소설,1.0,795.0
9791130653129,내 안의 나,"키드 투생 (지은이), 아블린 스토카르 (그림), 이보미 (옮긴이)",놀,국내도서>청소년>청소년 문학>청소년 소설,1.0,796.0
9788957365793,EBS 다큐프라임 자본주의,EBS 자본주의 제작팀 (지은이),가나출판사,국내도서>경제경영>경제학/경제일반>경제이론/경제사상,2.0,798.0
9791155817612,도쿄 호텔 도감,"엔도 케이 (지은이), 서하나 (옮긴이)",윌북,국내도서>에세이>사진/그림 에세이,1.0,799.0
9788917235944,ETS 토익 단기 공략 750+ (LC + RC) - 기출문제 한국 독점출간 / 기출 문항으로 보강된 단기완성 시리즈 / 본책 + 해설집 + 실전 모의고사 1회분 + 무료 MP3 파일,ETS (지은이),(주)YBM(와이비엠),국내도서>외국어>토익>실전,2.0,801.0
9791186745786,내가 의대에서 가르친 거짓말들 - 건강을 책임진다고 믿었던 현대 의학은 어떻게 우리를 더 병들게 했는가,"로버트 러프킨 (지은이), 유영훈 (옮긴이)",정말중요한,국내도서>건강/취미>건강정보>건강에세이/건강정보,1.0,802.0
9791193401378,쓸수록 선명해진다 - 내 안의 답을 찾아 종이 위로 꺼내는 탐험하는 글쓰기의 힘,"앨리슨 존스 (지은이), 진정성 (옮긴이)",프런트페이지,국내도서>인문학>책읽기/글쓰기>글쓰기,1.0,803.0
9791169851206,생각의 도약 - 평범함을 뛰어넘는 초효율 사고법,"도야마 시게히코 (지은이), 전경아 (옮긴이)",페이지2(page2),국내도서>자기계발>창의적사고/두뇌계발,1.0,804.0
9791130698199,맡겨진 소녀,"클레어 키건 (지은이), 허진 (옮긴이)",다산책방,국내도서>소설/시/희곡>세계의 소설>아일랜드소설,2.0,806.0
9788984374942,미로 속 아이,"기욤 뮈소 (지은이), 양영란 (옮긴이)",밝은세상,국내도서>소설/시/희곡>프랑스소설,1.0,807.0
9791193506981,아이의 뇌 - 뇌과학에서 찾아낸 4가지 양육 원칙,김붕년 (지은이),포레스트북스,국내도서>좋은부모>육아>육아법/육아 일반,1.0,808.0
9791194246503,세스 고딘의 전략 수업,"세스 고딘 (지은이), 안진환 (옮긴이)",쌤앤파커스,국내도서>경제경영>기업 경영>경영전략/혁신,1.0,809.0
9791166188787,경찰 헌법도약 최근 3개년 헌법판례정리 (25년 1차 경찰시험대비 최신판) - 일반경찰.경찰간부 시험 대비,이국령 (지은이),윌비스(미래와사람 한림법학원),국내도서>수험서/자격증>공무원 수험서>경찰공무원(승진)>기타 과목,1.0,810.0
9791165045913,상한 감정 버리기 - 감정을 감성으로 리셋하라,도은미 (지은이),규장(규장문화사),국내도서>종교/역학>기독교(개신교)>기독교(개신교) 신앙생활>신앙생활일반,1.0,811.0
9788965421030,해커스 보카 (Hackers Vocabulary) - 토플ㆍIELTSㆍ텝스ㆍ공무원ㆍSATㆍ특목고ㅣ단어암기 어플 및 시험지 생성 프로그램 무료 제공,David Cho (지은이),해커스어학연구소(Hackers),국내도서>외국어>토플>실전,2.0,813.0
9791160560589,어떻게 민주주의는 무너지는가 - 우리가 놓치는 민주주의 위기 신호,"스티븐 레비츠키, 대니얼 지블랫 (지은이), 박세연 (옮긴이)",어크로스,국내도서>사회과학>정치학/외교학/행정학>정치학 일반,1.0,814.0
9791169663557,2025 써니 행정법총론 단원별 모의고사 - 전2권,박준철 (지은이),에스티유니타스,국내도서>수험서/자격증>공무원 수험서>7/9급 공무원>행정법>기출/문제집/모의고사,1.0,815.0
9791199040311,살아갈 날들을 위한 괴테의 시,김종원 (지은이),퍼스트펭귄,국내도서>자기계발>성공>성공학,1.0,816.0
9788937464614,사랑에 대하여,"안톤 파블로비치 체호프 (지은이), 이항재 (옮긴이)",민음사,국내도서>소설/시/희곡>러시아소설,1.0,817.0
9791168342590,마천대루,"천쉐 (지은이), 허유영 (옮긴이)",인플루엔셜(주),국내도서>소설/시/희곡>추리/미스터리소설>기타국가 추리/미스터리소설,1.0,818.0
9788954695978,"설자은, 금성으로 돌아오다",정세랑 (지은이),문학동네,국내도서>소설/시/희곡>역사소설>한국 역사소설,1.0,819.0
9791194033455,더 나은 어휘를 쓰고 싶은 당신을 위한 필사책,이주윤 (지은이),빅피시,국내도서>인문학>책읽기/글쓰기>글쓰기,1.0,820.0
9791189356934,자살,"에두아르 르베 (지은이), 한국화 (옮긴이)",워크룸프레스(Workroom),국내도서>소설/시/희곡>프랑스소설,1.0,821.0
9791193388075,나는 왜 남들보다 쉽게 지칠까 - 무던해 보이지만 누구보다 예민한 HSP를 위한 심리학,최재훈 (지은이),서스테인,국내도서>인문학>심리학/정신분석학>교양 심리학,1.0,822.0
9791169663588,2025 이동기 영어 신경향 실전동형 모의고사 Vol.1 - 공무원 영어의 시작과 끝,이동기 (지은이),에스티유니타스,국내도서>수험서/자격증>공무원 수험서>7/9급 공무원>영어>기출/문제/모의고사,1.0,823.0
9791138920025,2024.2025 큰별쌤 최태성의 별별한국사 시대별 기출문제집 한국사능력검정시험 심화(1.2.3급),최태성 (지은이),이투스북,"국내도서>수험서/자격증>한국사능력검정시험>심화(1,2,3급)",2.0,825.0
9788935678907,금지된 일기장,"알바 데 세스페데스 (지은이), 김지우 (옮긴이)",한길사,국내도서>소설/시/희곡>세계의 소설>이탈리아소설,1.0,826.0
9791160643251,월 50만 원으로 8억 만드는 배당머신,"평온, 김지형 (지은이)",이나우스북스,국내도서>경제경영>재테크/투자>주식/펀드,1.0,827.0
9788954693462,디 에센셜 한강 (무선 보급판) - 2024 노벨문학상 수상작가,한강 (지은이),문학동네,국내도서>소설/시/희곡>한국소설>2000년대 이후 한국소설,1.0,828.0
9788937460586,싯다르타,"헤르만 헤세 (지은이), 박병덕 (옮긴이)",민음사,국내도서>소설/시/희곡>독일소설,2.0,830.0
9791130657462,어두울 때에야 보이는 것들이 있습니다 - 슈테판 츠바이크의 마지막 수업,"슈테판 츠바이크 (지은이), 배명자 (옮긴이)",다산초당,국내도서>인문학>인문 에세이,1.0,831.0
9791190302319,2025 선재국어 실전 봉투 모의고사 1 출발선 - 인혁처 신유형에 꼭 맞춘 모의고사,이선재 (지은이),수비니겨,국내도서>수험서/자격증>공무원 수험서>7/9급 공무원>국어>기출/문제집/모의고사,1.0,832.0
9791168181953,2025 이유진 국어 백일기도 모의고사 시즌 1 : 承(승),이유진 (지은이),고시동네,국내도서>수험서/자격증>공무원 수험서>7/9급 공무원>국어>기출/문제집/모의고사,1.0,833.0
9788965427483,해커스 토익 실전 LC + RC 3 (모의고사 문제집 + 해설집) - 2024년 하반기 출제경향 완벽반영｜리스닝 5회분+리딩 5회분｜교재 실전용+복습용 MP3｜토익 학습 어플 빅플｜단어암기장(PDF) 제공,해커스어학연구소 (지은이),해커스어학연구소(Hackers),국내도서>외국어>토익>실전,1.0,834.0
9791188331796,"돈의 속성 (300쇄 리커버 에디션, 양장) - 최상위 부자가 말하는 돈에 대한 모든 것",김승호 (지은이),스노우폭스북스,국내도서>경제경영>재테크/투자>재테크/투자 일반,2.0,836.0
9791130642574,작은 땅의 야수들 - 2024 톨스토이 문학상 수상작,"김주혜 (지은이), 박소현 (옮긴이)",다산책방,국내도서>소설/시/희곡>영미소설,1.0,837.0
9788932034812,"여수의 사랑 - 2024 노벨문학상 수상작가, 개정판",한강 (지은이),문학과지성사,국내도서>소설/시/희곡>한국소설>2000년대 이전 한국소설,1.0,838.0
9788917237481,"ETS 토익기출 파트별 VOCA 보카 - 최신개정판 / 교재+단어 암기 어플+단어 시험 출제마법사+MP3 / 최신 기출예문, 기출문제 독점수록",ETS (지은이),(주)YBM(와이비엠),국내도서>외국어>토익>Vocabulary,2.0,840.0
9791171179565,"정영진의 시대유감 - 나는 고발한다, 당신의 뻔한 생각을",정영진 (지은이),21세기북스,국내도서>인문학>인문 에세이,1.0,841.0
9788970123103,딕테,"차학경 (지은이), 김경년 (옮긴이)",문학사상,국내도서>소설/시/희곡>영미소설,1.0,842.0
9791198731906,단어가 품은 세계 - 삶의 품격을 올리고 어휘력을 높이는 국어 수업,황선엽 (지은이),빛의서가,국내도서>인문학>교양 인문학,1.0,843.0
9791193591147,페이크와 팩트 - 왜 합리적 인류는 때때로 멍청해지는가,"데이비드 로버트 그라임스 (지은이), 김보은 (옮긴이)",디플롯,국내도서>사회과학>사회문제>사회문제 일반,1.0,844.0
9788965424772,해커스 토익 LC Listening(리스닝) 기본서 - 최신기출경향 완벽 반영｜실전모의고사 4회분 [시험장에도 들고 가는 토익 LC 필수 어휘 & 단어암기 MP3 제공],David Cho (지은이),해커스어학연구소(Hackers),국내도서>외국어>토익>Listening,2.0,846.0
9791193647646,시한부 - 백은별 장편소설,백은별 (지은이),바른북스,국내도서>청소년>청소년 문학>청소년 소설,2.0,848.0
9791190669221,동물농장 (오리지널 초판본 표지 디자인),"조지 오웰 (지은이), 이수정 (옮긴이), 박경서 (해설)",코너스톤,국내도서>소설/시/희곡>영미소설,1.0,849.0
9791190669313,어린 왕자 (오리지널 초판본),"앙투안 드 생텍쥐페리 (지은이), 김수영 (옮긴이), 변광배 (해설)",코너스톤,국내도서>소설/시/희곡>프랑스소설,2.0,851.0
9791167741837,"어른의 영향력 - 10세에서 25세까지, 젊은 세대를 변화시키는 동기부여의 새로운 과학","데이비드 예거 (지은이), 이은경 (옮긴이)",어크로스,국내도서>인문학>심리학/정신분석학>교양 심리학,1.0,852.0
9788932020006,"바람이 분다, 가라 - 2024 노벨문학상 수상작가, 제13회 동리문학상 수상작",한강 (지은이),문학과지성사,국내도서>소설/시/희곡>한국소설>2000년대 이후 한국소설,1.0,853.0
9788937461033,인간 실격,"다자이 오사무 (지은이), 김춘미 (옮긴이)",민음사,국내도서>소설/시/희곡>일본소설>1950년대 이전 일본소설,2.0,855.0
9791140709960,동사 X 전치사 도감 - 외우지 않는 편안함,권은희 (지은이),길벗이지톡,국내도서>외국어>영어회화>생활영어,1.0,856.0
9788960579477,중앙성가 48집 - SATB,박신화 (엮은이),중앙아트,국내도서>종교/역학>기독교(개신교)>성경/찬송가>찬양,1.0,857.0
9791169663496,2025 문동균 한국사 문단속 적중 최종병기 Final 모의고사,문동균 (지은이),에스티유니타스,국내도서>수험서/자격증>공무원 수험서>7/9급 공무원>한국사>7/9급 교재,1.0,858.0
9791168473690,세이노의 가르침 (블랙 에디션) - 피보다 진하게 살아라,세이노(SayNo) (지은이),데이원,국내도서>자기계발>성공>성공학,2.0,860.0
9788936811549,죽음의 수용소에서 - 개정보급판,"빅터 프랭클 (지은이), 이시형 (옮긴이)",청아출판사,국내도서>인문학>심리학/정신분석학>이론 심리학,1.0,861.0
9788901280486,생각 중독 - 불안과 후회를 끊어내고 오늘을 사는 법,"닉 트렌턴 (지은이), 박지선 (옮긴이)",갤리온,국내도서>인문학>심리학/정신분석학>교양 심리학,1.0,862.0
9791167372864,구의 증명,최진영 (지은이),은행나무,국내도서>소설/시/희곡>한국소설>2000년대 이후 한국소설,2.0,864.0
9791191975260,"빛의 혁명과 반혁명 사이 - 철학자 박구용, 철학으로 시대를 해석하다",박구용 (지은이),시월,국내도서>사회과학>비평/칼럼>정치비평/칼럼,1.0,865.0
9788984078581,"공급망 붕괴의 시대 - 반도체칩부터 생필품까지, 글로벌 공급망의 숨겨진 이야기","피터 S. 굿맨 (지은이), 장용원 (옮긴이)",세종(세종서적),국내도서>경제경영>경제학/경제일반>경제사/경제전망>세계 경제사/경제전망,1.0,866.0
9791170832409,신을 기다리며,"시몬 베유 (지은이), 이창실 (옮긴이)",복있는사람,국내도서>종교/역학>기독교(개신교)>기독교 문학,1.0,867.0
9791141606862,저속노화 식사법 - 노년내과 의사가 알려주는 기적의 식단 혁명,정희원 (지은이),테이스트북스,국내도서>건강/취미>건강정보>음식과 건강,2.0,869.0
9788950920043,네 인생 우습지 않다 (활력 에디션) - 인생 일타강사 전한길의 50가지 행복론,전한길 (지은이),21세기북스,국내도서>자기계발>성공>성공학,1.0,870.0
9788936431518,울지 않는 달,이지은 (지은이),창비,국내도서>청소년>청소년 문학>청소년 소설,1.0,871.0
9791171713431,스모크 & 피클스 - 이균 셰프가 그리는 음식과 인생 이야기,"에드워드 리 (지은이), 정연주 (옮긴이)",위즈덤하우스,국내도서>요리/살림>전문가/연예인/블로거 요리,1.0,872.0
9788972918622,"알고리즘, 패러다임, 법 - 규칙은 어떻게 세계를 만드는가","로레인 대스턴 (지은이), 홍성욱, 황정하 (옮긴이)",까치,국내도서>과학>과학의 이해>과학사상,1.0,873.0
9791136032768,최신판 에듀윌 공기업 서울교통공사 NCS + 전공 실전모의고사 8+1회 - 기출복원 4회+실전모의 4회+전공모의 1회,에듀윌 취업연구소 (지은이),에듀윌,국내도서>수험서/자격증>취업/상식/적성>공사 공단 수험서>서울교통공사,1.0,874.0
9791167741509,어떻게 극단적 소수가 다수를 지배하는가 - 우리의 민주주의가 한계에 도달한 이유,"스티븐 레비츠키, 대니얼 지블랫 (지은이), 박세연 (옮긴이)",어크로스,국내도서>사회과학>정치학/외교학/행정학>정치학 일반,2.0,876.0
9788925574868,더 인간적인 건축 - 우리 세계를 짓는 제작자를 위한 안내서,"토마스 헤더윅 (지은이), 한진이 (옮긴이)",알에이치코리아(RHK),국내도서>인문학>교양 인문학,1.0,877.0
9788937416453,먼 산의 기억,"오르한 파묵 (지은이), 이난아 (옮긴이)",민음사,국내도서>소설/시/희곡>세계의 소설>중동/튀르키예소설,1.0,878.0
9791193869123,모든 돈의 미래 비트코인 - 금융 자본주의와 화폐의 역사가 말하는 정해진 미래,홍익희 (지은이),거인의정원,국내도서>경제경영>재테크/투자>가상/암호화폐,1.0,879.0
9791171179855,미국투자 메가 사이클 - 불확실성을 뛰어넘는 트럼프 2.0 시대 부의 시그널,성상현 (지은이),21세기북스,국내도서>경제경영>재테크/투자>재테크/투자 일반,1.0,880.0
9791192207469,"2025 심승아 Simple, Detail 소방학개론 심의 한 수 파이널 모의고사",심승아 (지은이),메가스터디교육(공무원),국내도서>수험서/자격증>공무원 수험서>소방공무원(승진)>소방학개론,1.0,881.0
9788962626421,"명령에 따랐을 뿐!? - 복종하는 뇌, 저항하는 뇌","에밀리 A. 캐스파 (지은이), 이성민 (옮긴이)",동아시아,국내도서>과학>뇌과학>뇌과학 일반,1.0,882.0
9791194383116,"이게 되네? 챗GPT 미친 활용법 71제 - 전면 개정 2판, 7배 더 빠르게, 7배 나은 퀄리티로 진짜 현업에 사용해온 오대리의 ‘71가지 미친 업무 자동화’ with o1, 소라, 캔버스, 서치, 프로젝트, 고급 음성모드, GPTs",오힘찬 (지은이),골든래빗(주),국내도서>컴퓨터/모바일>PC/게임/디지털 카메라>초보자를 위한 컴퓨터 책,1.0,883.0
9791187142560,데일 카네기 인간관계론 (50만부 돌파 초판 무삭제 완역본),"데일 카네기 (지은이), 임상훈 (옮긴이)",현대지성,국내도서>자기계발>인간관계>인간관계,2.0,885.0
9791162540633,"그릿 GRIT (골드 에디션) - IQ, 재능, 환경을 뛰어넘는 열정적 끈기의 힘","앤절라 더크워스 (지은이), 김미정 (옮긴이)",비즈니스북스,국내도서>자기계발>창의적사고/두뇌계발,1.0,886.0
9788952776372,리틀 라이프 1,"한야 야나기하라 (지은이), 권진아 (옮긴이)",시공사,국내도서>소설/시/희곡>영미소설,2.0,888.0
9791162052556,2025 심우철 실전 동형 모의고사 Season 1 - 신경향 국가직·지방직 영어 대비 봉투형 모의고사,심우철 (지은이),심슨북스,국내도서>수험서/자격증>공무원 수험서>7/9급 공무원>영어>기출/문제/모의고사,1.0,889.0
9791140714407,인생 처음으로 세계사가 재밌다,"니시무라 데이지 (지은이), 박현지 (옮긴이)",더퀘스트,국내도서>역사>세계사 일반,1.0,890.0
9791193044247,"아무튼, 명언 - “○○○은 이렇게 말했다”",하지현 (지은이),위고,국내도서>에세이>한국에세이,1.0,891.0
9791196246006,"책문, 조선의 인문 토론 - 꼿꼿한 선비의 시대정신을 말하다",김태완 (지은이),현자의마을,국내도서>역사>조선사>조선시대 일반,1.0,892.0
9791162540640,아주 작은 습관의 힘 - 최고의 변화는 어떻게 만들어지는가,"제임스 클리어 (지은이), 이한이 (옮긴이)",비즈니스북스,국내도서>자기계발>성공>성공학,1.0,893.0
9791193149393,밤의 이정표 - 제76회 일본 추리작가 협회상 수상작,"아시자와 요 (지은이), 김은모 (옮긴이)",블루홀식스(블루홀6),국내도서>소설/시/희곡>추리/미스터리소설>일본 추리/미스터리소설,1.0,894.0
9788937460449,데미안,"헤르만 헤세 (지은이), 전영애 (옮긴이)",민음사,국내도서>소설/시/희곡>독일소설,2.0,896.0
9791190313186,지적 대화를 위한 넓고 얕은 지식 1 - 현실 편 : 역사 / 경제 / 정치 / 사회 / 윤리,채사장 (지은이),웨일북,국내도서>인문학>교양 인문학,2.0,898.0
9791167227379,2025 유휘운 행정법총론 요약노트 + 기출문제 (요플) - 9·7급 공무원·소방·군무원 시험 대비,유휘운 (지은이),메가스터디교육(공무원),국내도서>수험서/자격증>공무원 수험서>7/9급 공무원>행정법>7/9급 교재,1.0,899.0
9791193937372,새들이 남쪽으로 가는 날 - 2024 스웨덴 올해의 도서상 수상작,"리사 리드센 (지은이), 손화수 (옮긴이)",북파머스,국내도서>소설/시/희곡>세계의 소설>북유럽소설,1.0,900.0
9791189352875,내 인생을 바꾼 하루 한 장 - 365일 성공을 부르는 작은 변화의 힘,이대호 (지은이),위너스북,국내도서>자기계발>성공>성공학,1.0,901.0
9791193672105,2025 ADsP 데이터 분석 준전문가 & [부록] ADsP D-7 합격마법노트 - 무료 이론정복강의 포함 합격필수어플 데이터에듀PT 2025 ADsP 이용권,윤종식 (지은이),데이터에듀,국내도서>컴퓨터/모바일>활용능력>신규 자격증/자격증 기타,1.0,902.0
9791189327156,"물고기는 존재하지 않는다 - 상실, 사랑 그리고 숨어 있는 삶의 질서에 관한 이야기","룰루 밀러 (지은이), 정지인 (옮긴이)",곰출판,국내도서>과학>기초과학/교양과학,2.0,904.0
9788934942467,총 균 쇠 - 인간 사회의 운명을 바꾼 힘,"재레드 다이아몬드 (지은이), 강주헌 (옮긴이)",김영사,국내도서>인문학>교양 인문학,2.0,906.0
9788982816635,자기 앞의 생,"에밀 아자르 (지은이), 용경식 (옮긴이)",문학동네,국내도서>소설/시/희곡>프랑스소설,1.0,907.0
9791139717013,일생에 한번은 헌법을 읽어라 - 흔들릴 때마다 삶의 중심을 잡아주는 기준에 관하여,이효원 (지은이),현대지성,국내도서>인문학>인문 에세이,1.0,908.0
9788974259198,부의 역설 - 생각은 내가 하고 행동은 뇌가 한다,강범구 (지은이),국일미디어(국일출판사),국내도서>자기계발>성공>성공학,1.0,909.0
9791161340333,달러는 왜 비트코인을 싫어하는가,"사이페딘 아모스 (지은이), 위대선 (옮긴이)",터닝포인트,국내도서>경제경영>경제학/경제일반>화폐/금융/재정,1.0,910.0
9791198682550,"너에게 들려주는 단단한 말 (윈터 패키지 에디션, 특별 한정 필사노트 포함)",김종원 (지은이),퍼스트펭귄,국내도서>청소년>청소년 인문/사회,2.0,912.0
9788937461798,브람스를 좋아하세요...,"프랑수아즈 사강 (지은이), 김남주 (옮긴이)",민음사,국내도서>소설/시/희곡>프랑스소설,1.0,913.0
9791193939215,버리지 못하는 사람들,"무레 요코 (지은이), 이수은 (옮긴이)",라곰,국내도서>소설/시/희곡>일본소설>1950년대 이후 일본소설,1.0,914.0
9791193955079,세계숲 - 나와 지구를 살리는 경이로운 나무들의 이야기,"다이애나 베리스퍼드-크로거 (지은이), 노승영 (옮긴이)",아를,국내도서>과학>생명과학>생물학,1.0,915.0
9791189352745,내가 한 말을 내가 오해하지 않기로 함,문상훈 (지은이),위너스북,국내도서>에세이>명사에세이>방송연예인에세이,1.0,916.0
9788937434488,노르웨이의 숲,"무라카미 하루키 (지은이), 양억관 (옮긴이)",민음사,국내도서>소설/시/희곡>일본소설>1950년대 이후 일본소설,1.0,917.0
9788931011623,사랑의 기술,"에리히 프롬 (지은이), 황문수 (옮긴이)",문예출판사,국내도서>인문학>인문 에세이,1.0,918.0
9791186643204,"혐오의 즐거움에 관하여 - 거장의 재발견, 윌리엄 해즐릿 국내 첫 에세이집","윌리엄 해즐릿 (지은이), 공진호 (옮긴이)",아티초크,국내도서>인문학>인문 에세이,1.0,919.0
9791167741844,우리는 조금 더 다정해도 됩니다 - 무례한 세상을 변화시키는 선한 연결에 대하여,김민섭 (지은이),어크로스,국내도서>에세이>한국에세이,1.0,920.0
9791162052549,2025 심우철 이것만은 알고 가자 - 어휘/생활영어/문법 파이널 핵심 요약집,심우철 (지은이),심슨북스,국내도서>수험서/자격증>공무원 수험서>7/9급 공무원>영어>단어/문법/독해 외,1.0,921.0
9788925574769,투자로 인생을 밸류업 하라 - 망한 계좌를 살리고 싶은 모든 개인 투자자를 위하여,한걸음 (지은이),알에이치코리아(RHK),국내도서>경제경영>재테크/투자>재테크/투자 일반,1.0,922.0
9788901281797,빨모쌤의 라이브 영어회화 (특별 부록 한정판) - 맥락과 뉘앙스가 살아나는 진짜 영어 말하기 수업,빨간모자쌤 신용하 (지은이),웅진지식하우스,국내도서>외국어>영어회화>생활영어,2.0,924.0
9788970128337,달리기를 말할 때 내가 하고 싶은 이야기,"무라카미 하루키 (지은이), 임홍빈 (옮긴이)",문학사상,국내도서>에세이>외국에세이,1.0,925.0
9791157847679,박태웅의 AI 강의 2025 - 인공지능의 출현부터 일상으로의 침투까지 우리와 미래를 함께할 새로운 지능의 모든 것,박태웅 (지은이),한빛비즈,국내도서>경제경영>트렌드/미래전망>인공지능/빅데이터,1.0,926.0
9788937443848,이방인,"알베르 카뮈 (지은이), 김화영 (옮긴이)",민음사,국내도서>소설/시/희곡>프랑스소설,1.0,927.0
9788927712435,JLPT 일본어능력시험 한권으로 끝내기 N3 - 최신 개정판,"이치우, 기타지마 치즈코 (지은이)",다락원,국내도서>외국어>일본어>JLPT>N3,1.0,928.0
9791141601591,한강 스페셜 에디션 (작별하지 않는다 + 흰 + 검은 사슴 + 필사 노트) - 2024 노벨문학상 수상작가,한강 (지은이),문학동네,국내도서>소설/시/희곡>한국소설>2000년대 이후 한국소설,1.0,929.0
9788998441074,나는 소망한다 내게 금지된 것을,양귀자 (지은이),쓰다,국내도서>소설/시/희곡>한국소설>2000년대 이전 한국소설,1.0,930.0
9791168418455,포스 윙 (일러스트 표지 에디션),"레베카 야로스 (지은이), 이수현 (옮긴이)",북폴리오,국내도서>소설/시/희곡>판타지/환상문학>외국판타지/환상소설,2.0,932.0
9791162203620,파과 (리커버),구병모 (지은이),위즈덤하우스,국내도서>소설/시/희곡>한국소설>2000년대 이후 한국소설,1.0,933.0
9788934911388,"가난한 찰리의 연감 - 버크셔 해서웨이의 전설, 찰리 멍거의 모든 것","찰리 멍거 (지은이), 피터 코프먼 (엮은이), 김태훈 (옮긴이)",김영사,국내도서>경제경영>재테크/투자>주식/펀드,1.0,934.0
9791191183337,"경제기사 궁금증 300문 300답 - 불확실성의 시대, 경제기사 속에 답이 있다, 2025 개정증보판",곽해선 (지은이),혜다,국내도서>경제경영>경제학/경제일반>경제이야기,1.0,935.0
9791194368083,거인의 약속 - 작은 행동으로 거대한 변화를 만드는 14가지 리더십 원칙,"존 아메이치 (지은이), 이주영 (옮긴이)",상상스퀘어,국내도서>경제경영>기업 경영>조직/인력/성과관리,1.0,936.0
9788954648905,"검은 사슴 - 2024 노벨문학상 수상작가, 한강 장편소설",한강 (지은이),문학동네,국내도서>소설/시/희곡>한국소설>2000년대 이전 한국소설,1.0,937.0
9788983928207,해리 포터와 마법사의 돌 (미나리마 에디션),"J.K. 롤링 (지은이), 미나리마 (그림), 강동혁 (옮긴이)",문학수첩,국내도서>소설/시/희곡>판타지/환상문학>외국판타지/환상소설,1.0,938.0
9791130660820,모든 시험에 적용되는 33가지 진짜 공부법 - 공부 속도를 미친 듯이 올리는 특급 비법,연수남 (지은이),다산북스,국내도서>자기계발>성공>성공학,1.0,939.0
9791193166659,"예술 도둑 - 예술, 범죄, 사랑 그리고 욕망에 관한 위험하고 매혹적인 이야기","마이클 핀클 (지은이), 염지선 (옮긴이)",생각의힘,국내도서>에세이>외국에세이,1.0,940.0
9791141601508,조금 망한 사랑,김지연 (지은이),문학동네,국내도서>소설/시/희곡>한국소설>2000년대 이후 한국소설,1.0,941.0
9791193858110,2025 나합격 산업안전기사 필기+무료특강+FINAL 필기시험 문제지 - 전2권 - CBT 신유형 문제 수록┃최신 산업안전보건법 개정내용 반영┃부록① ‘과목별 핵심빈출 요약+공식정리‘┃부록② FINAL 모의고사┃부록③ 오답노트 수록,"김현우, 허선혜 (지은이)",삼원북스(수험서),국내도서>수험서/자격증>국가기술자격>안전관리>산업안전/산업기사,1.0,942.0
9788965662686,2025 에센스 노동법 2 - 2024년 기출문제 포함,전시춘 (지은이),청출어람,국내도서>수험서/자격증>국가전문자격>공인노무사,1.0,943.0
9791198739728,처음 하는 부동산 투자 공부 - 부동산대학원 실전 고수들이 알려주는 기본에서 심화까지,건실투 (지은이),커넥티드그라운드,국내도서>경제경영>재테크/투자>부동산/경매,1.0,944.0
9788997575169,원씽 The One Thing (60만 부 기념 스페셜 에디션) - 복잡한 세상을 이기는 단순함의 힘,"게리 켈러, 제이 파파산 (지은이), 구세희 (옮긴이)",비즈니스북스,국내도서>자기계발>성공>성공학,2.0,946.0
9788954681155,홍학의 자리,정해연 (지은이),엘릭시르,국내도서>소설/시/희곡>추리/미스터리소설>한국 추리/미스터리소설,2.0,948.0
9788937460616,설국,"가와바타 야스나리 (지은이), 유숙자 (옮긴이)",민음사,국내도서>소설/시/희곡>일본소설>1950년대 이후 일본소설,1.0,949.0
9788934981213,생각에 관한 생각 - 우리의 행동을 지배하는 생각의 반란!,"대니얼 카너먼 (지은이), 이창신 (옮긴이)",김영사,국내도서>경제경영>경제학/경제일반>경제이론/경제사상,1.0,950.0
9791193394151,"미국주식 처음공부 - 시작부터 술술 풀리고 바로 써먹는, 개정판","수미숨(상의민), 애나정 (지은이)",이레미디어,국내도서>경제경영>재테크/투자>주식/펀드,1.0,951.0
9791190275026,"믿는 만큼 자라는 아이들 - 박혜란의 세 아들 이야기, 개정판",박혜란 (지은이),나무를심는사람들,국내도서>좋은부모>교육/학습>창의 교육,1.0,952.0
9791194374107,어른의 인사말 - 아무도 가르쳐주지 않는 사회생활의 기본,이경석 (지은이),클,국내도서>자기계발>협상/설득/화술>화술,1.0,953.0
9791190090018,우리가 빛의 속도로 갈 수 없다면 - 2019 제43회 오늘의 작가상 수상작,김초엽 (지은이),허블,국내도서>소설/시/희곡>과학소설(SF)>한국 과학소설,1.0,954.0
9788997381678,소년과 두더지와 여우와 말,"찰리 맥커시 (지은이), 이진경 (옮긴이)",상상의힘,국내도서>에세이>사진/그림 에세이,1.0,955.0
9788965424628,한 권으로 끝내는 해커스 토익 700+ (LC+RC+VOCA) - 최신기출유형 100%반영ㅣ기초부터 실전까지 20일 완성 [실전모의고사 2회(교재1회+온라인1회) 제공],해커스어학연구소 (지은이),해커스어학연구소(Hackers),국내도서>외국어>토익>Listening,2.0,957.0
9791139718560,독서의 뇌과학 - 당신의 뇌를 재설계하는 책 읽기의 힘,"가와시마 류타 (지은이), 황미숙 (옮긴이)",현대지성,국내도서>과학>기초과학/교양과학,1.0,958.0
9791155402436,사소한 불행에 인생을 내어주지 마라 - 흔들리지 않는 1년을 만드는 52주 스토아 철학,"요한 크라우네스 (지은이), 이상희 (옮긴이)",추수밭(청림출판),국내도서>인문학>교양 인문학,1.0,959.0
9791169663250,2025 써니 행정법총론 기출문제집 - 전2권 - 기출지문 암기 App 이용쿠폰 없음,박준철 (지은이),에스티유니타스,국내도서>수험서/자격증>공무원 수험서>7/9급 공무원>행정법>기출/문제집/모의고사,1.0,960.0
9788932043418,살 만한 삶과 살 만하지 않은 삶,"주디스 버틀러, 프레데리크 보름스 (지은이), 조현준 (옮긴이)",문학과지성사,국내도서>인문학>인문 에세이,1.0,961.0
9791157833023,개소리에 대하여,"해리 G. 프랭크퍼트 (지은이), 이윤 (옮긴이)",필로소픽,국내도서>인문학>서양철학>서양철학 일반,1.0,962.0
9788988474914,"SQL 자격검정 실전문제 - 국가공인 SQL전문가. 국가공인 SQL개발자, 개정판",한국데이터산업진흥원 (지은이),한국데이터산업진흥원,국내도서>컴퓨터/모바일>활용능력>신규 자격증/자격증 기타,2.0,964.0
9791191043754,세상의 마지막 기차역 (리커버 에디션),"무라세 다케시 (지은이), 김지연 (옮긴이)",모모,국내도서>소설/시/희곡>판타지/환상문학>외국판타지/환상소설,2.0,966.0
9788937462788,노인과 바다,"어니스트 헤밍웨이 (지은이), 김욱동 (옮긴이)",민음사,국내도서>소설/시/희곡>영미소설,1.0,967.0
9791140702978,일본어 문법 무작정 따라하기,후지이 아사리 (지은이),길벗이지톡,국내도서>외국어>일본어>일본어 어휘/한자/문법,1.0,968.0
9791173111532,아이언 플레임 2,"레베카 야로스 (지은이), 이수현 (옮긴이)",북폴리오,국내도서>소설/시/희곡>판타지/환상문학>외국판타지/환상소설,1.0,969.0
9791141607876,타임 셸터 - 2023 부커상 인터내셔널 수상작,"게오르기 고스포디노프 (지은이), 민은영 (옮긴이)",문학동네,국내도서>소설/시/희곡>세계의 소설>기타 국가 소설,1.0,970.0
9791197437380,"백년 목 2 : 치료편 - 내 목 사용설명서, 개정증보판",정선근 (지은이),언탱글링,국내도서>건강/취미>질병치료와 예방>허리/디스크/척추/통증,1.0,971.0
9791191122824,"2030년, 돈의 세계지도 - 세계3대 투자가가 예측하는 저무는 나라, 성장하는 나라","짐 로저스 (지은이), 오시연 (옮긴이)",알파미디어,국내도서>경제경영>경제학/경제일반>경제사/경제전망>세계 경제사/경제전망,1.0,972.0
9788932924878,죄와 벌 세트 - 전2권,"표도르 도스토옙스키 (지은이), 홍대화 (옮긴이)",열린책들,국내도서>소설/시/희곡>러시아소설,1.0,973.0
9791194399018,2025 권규호 신유형 공무원 모의고사 1,권규호 (지은이),권규호언어연구실,국내도서>수험서/자격증>공무원 수험서>7/9급 공무원>국어>기출/문제집/모의고사,1.0,974.0
9791193262368,천재 보고서 - 내 안의 잠재력을 깨우는 천재들의 비밀코드,"스콧 배리 카우프만, 캐롤린 그레고어 (지은이), 안종희 (옮긴이)",필름(Feelm),국내도서>인문학>교양 인문학,1.0,975.0
9791170612162,손자병법 - 세상의 모든 전략과 전술,"임용한 (지은이), 손무 (원작)",교보문고(단행본),국내도서>역사>세계사 일반,1.0,976.0
9788932924922,그해 봄의 불확실성,"시그리드 누네즈 (지은이), 민승남 (옮긴이)",열린책들,국내도서>소설/시/희곡>영미소설,1.0,977.0
9791199102309,영어공부 혁명,"이윤규, 주지후 (지은이)",드림스쿨,국내도서>외국어>영어학습법,1.0,978.0
9788937834790,"정의란 무엇인가 - 한국 200만 부 돌파, 37개국에서 출간된 세계적 베스트셀러","마이클 샌델 (지은이), 김명철 (옮긴이), 김선욱 (감수)",와이즈베리,국내도서>인문학>서양철학>윤리학/도덕철학,1.0,979.0
9791168340510,파친코 1 - 개정판,"이민진 (지은이), 신승미 (옮긴이)",인플루엔셜(주),국내도서>소설/시/희곡>영미소설,1.0,980.0
9788952776389,리틀 라이프 2,"한야 야나기하라 (지은이), 권진아 (옮긴이)",시공사,국내도서>소설/시/희곡>영미소설,2.0,982.0
9791191401981,"주아쌤의 툭 치면 탁 나오는 영어회화 (해외 여행 에디션) - 진짜 영어 듣고 말하기 수업, 리얼 영어 패턴 100",주아쌤(이정은) (지은이),몽스북,국내도서>외국어>영어회화>생활영어,1.0,983.0
9791158161767,이 지랄맞음이 쌓여 축제가 되겠지,조승리 (지은이),달,국내도서>에세이>한국에세이,1.0,984.0
9791167226990,2025 전한길 한국사 합격생 필기노트 (스프링),전한길 (지은이),메가스터디교육(공무원),국내도서>수험서/자격증>공무원 수험서>7/9급 공무원>한국사>강의노트/기타,1.0,985.0
9791141601515,겨울철 한정 봉봉 쇼콜라 사건 - 상,"요네자와 호노부 (지은이), 김선영 (옮긴이)",엘릭시르,국내도서>소설/시/희곡>추리/미스터리소설>일본 추리/미스터리소설,1.0,986.0
9791141601522,겨울철 한정 봉봉 쇼콜라 사건 - 하,"요네자와 호노부 (지은이), 김선영 (옮긴이)",엘릭시르,국내도서>소설/시/희곡>추리/미스터리소설>일본 추리/미스터리소설,1.0,987.0
9791193650141,존재하는 모든 것은 사라지지 않는다 - 우리의 삶을 넘어선 본질에 대한 이야기,"제인 로버츠 (지은이), 매건 김 (옮긴이)",터닝페이지,국내도서>인문학>심리학/정신분석학>심령연구/초과학,1.0,988.0
9791194508038,베싸의 말문이 트이는 영어 육아 - 일상에서 자연스럽게 익히는 우리 아이 진짜 영어,박정은 (지은이),온더페이지,국내도서>좋은부모>교육/학습>언어/외국어 교육,1.0,989.0
9791169813488,오늘이 내일이면 좋겠다,남유하 (지은이),사계절,국내도서>에세이>한국에세이,1.0,990.0
9791195795505,삐뽀삐뽀 119 소아과 (개정13판) - 2005년 대한의사협회 선정추천도서,하정훈 (지은이),유니책방,국내도서>좋은부모>육아>육아백과,1.0,991.0
9791158510619,타이탄의 도구들 (블랙 에디션) - 정상의 자리에 오른 사람들의 61가지 성공 비밀,"팀 페리스 (지은이), 박선령, 정지현 (옮긴이)",토네이도,국내도서>자기계발>성공>성공학,2.0,993.0
9788930041683,허송세월 - 김훈 문장 엽서(부록),김훈 (지은이),나남출판,국내도서>에세이>한국에세이,2.0,995.0
9788965424215,해커스 일본어 첫걸음 : 기초 20일 독학 완성! - 기초 문형으로 회화부터 JLPT까지 l 일본어회화 무료 동영상강의+단어 쓰기 노트+무료MP3+JLPT N5·N4 실전모의고사 제공,해커스JLPT연구소 (지은이),해커스어학연구소(Hackers),국내도서>외국어>일본어>일본어 첫걸음,2.0,997.0
9788932034836,"노랑무늬영원 - 2024 노벨문학상 수상작가, 개정판",한강 (지은이),문학과지성사,국내도서>소설/시/희곡>한국소설>2000년대 이후 한국소설,1.0,998.0
9791130654621,푸른 들판을 걷다,"클레어 키건 (지은이), 허진 (옮긴이)",다산책방,국내도서>소설/시/희곡>세계의 소설>아일랜드소설,1.0,999.0
9791192389776,강인함의 힘 - 회복탄력성에 대한 오해 그리고 강인함의 비밀,"스티브 매그니스 (지은이), 이주만 (옮긴이)",상상스퀘어,국내도서>자기계발>성공>성공학,2.0,1001.0
9791193674185,AI 2025 - 트렌드 & 활용백과,김덕진 (지은이),스마트북스,국내도서>경제경영>기업 경영>경영전략/혁신,1.0,1002.0
9791187033462,매일 조금씩 쓰고 버린다 - 마음까지 가벼워지는 비움의 기술,"후데코 (지은이), 홍성민 (옮긴이)",좋은생각,국내도서>자기계발>정리/심플라이프,1.0,1003.0
9791168271043,"오십의 기술 - 나이 들수록 재미, 가족, 관계, 행복, 품격, 지식이 높아지는",이호선 (지은이),카시오페아,국내도서>자기계발>중년의 자기계발,1.0,1004.0
9791142303821,비정근,"히가시노 게이고 (지은이), 민경욱 (옮긴이)",하빌리스,국내도서>소설/시/희곡>추리/미스터리소설>일본 추리/미스터리소설,1.0,1005.0
9791193235447,스프링,"온다 리쿠 (지은이), 이지수 (옮긴이)",클레이하우스,국내도서>소설/시/희곡>일본소설>1950년대 이후 일본소설,1.0,1006.0
9788965138068,그의 운명에 대한 아주 개인적인 생각,유시민 (지은이),생각의길,국내도서>사회과학>비평/칼럼>정치비평/칼럼,2.0,1008.0
9788917238549,ETS 토익 정기시험 기출문제집 1000 Vol. 3 Reading (리딩) - TOEIC 기출문제 한국 독점출간 / 문제집 + 해설집 + APP 모바일 학습 / 2022 대비 최신판,ETS (엮은이),(주)YBM(와이비엠),국내도서>외국어>토익>Reading,1.0,1009.0
9791194033127,더 좋은 문장을 쓰고 싶은 당신을 위한 필사책,이주윤 (지은이),빅피시,국내도서>인문학>책읽기/글쓰기>글쓰기,1.0,1010.0
9788937460777,1984,"조지 오웰 (지은이), 정회성 (옮긴이)",민음사,국내도서>소설/시/희곡>영미소설,1.0,1011.0
9788937460388,달과 6펜스,"서머싯 몸 (지은이), 송무 (옮긴이)",민음사,국내도서>소설/시/희곡>영미소설,1.0,1012.0
9791173111525,아이언 플레임 1,"레베카 야로스 (지은이), 이수현 (옮긴이)",북폴리오,국내도서>소설/시/희곡>판타지/환상문학>외국판타지/환상소설,1.0,1013.0
9788934971351,철학은 날씨를 바꾼다,서동욱 (지은이),김영사,국내도서>인문학>교양 인문학,1.0,1014.0
9791168181939,2025 이유진 국어 백일기도 모의고사 시즌 0 : 起(기),이유진 (지은이),고시동네,국내도서>수험서/자격증>공무원 수험서>7/9급 공무원>국어>기출/문제집/모의고사,1.0,1015.0
9788932043272,사랑과 멸종을 바꿔 읽어보십시오,유선혜 (지은이),문학과지성사,국내도서>소설/시/희곡>시>한국시,1.0,1016.0
9791191013801,사교육 없이 명문대 가는 집공부 전략 - 입시 고수맘 노을커피의 압도적 초중등 학습 로드맵,노을커피(신은정) (지은이),북라이프,국내도서>좋은부모>교육/학습>학교/학습법,1.0,1017.0
9791138928137,"2025.2026 큰별쌤 최태성의 별★한국사 한국사능력검정시험 기본(4.5.6급) - 한국사능력검정시험 기본(4,5,6급)에 대비한 맞춤 기본서",최태성 (지은이),이투스북,"국내도서>수험서/자격증>한국사능력검정시험>기본(4,5,6급)",1.0,1018.0
9788952234087,거래의 기술 - 트럼프는 어떻게 원하는 것을 얻는가 - The Art of the Deal 한국어판,"도널드 트럼프 (지은이), 이재호 (옮긴이)",살림,국내도서>경제경영>기업 경영>경영전략/혁신,1.0,1019.0
9791171712915,매일의 영감 수집 - 평범한 일상에서 특별한 인사이트를 발견하는,서은아 (지은이),위즈덤하우스,국내도서>자기계발>창의적사고/두뇌계발,1.0,1020.0
9791169093538,체호프에 관하여 - 먼 곳의 자유,"자크 랑시에르 (지은이), 유재홍 (옮긴이)",글항아리,국내도서>인문학>철학 일반>교양 철학,1.0,1021.0
9788901285894,불안 세대 - 디지털 세계는 우리 아이들을 어떻게 병들게 하는가,"조너선 하이트 (지은이), 이충호 (옮긴이)",웅진지식하우스,국내도서>인문학>교양 인문학,1.0,1022.0
9791168340541,파친코 2 - 개정판,"이민진 (지은이), 신승미 (옮긴이)",인플루엔셜(주),국내도서>소설/시/희곡>영미소설,1.0,1023.0
9791130649672,흐르는 강물처럼,"셸리 리드 (지은이), 김보람 (옮긴이)",다산책방,국내도서>소설/시/희곡>영미소설,2.0,1025.0
9791141601164,고요한 읽기,이승우 (지은이),문학동네,국내도서>에세이>한국에세이,1.0,1026.0
9791168270343,만화로 보는 3분 철학 3 : 서양 현대 철학편,"김재훈, 서정욱 (지은이)",카시오페아,국내도서>인문학>철학 일반>교양 철학,1.0,1027.0
9791171010875,영어로 문장 만들기 훈련 1차 임계점,유은하 (지은이),사람in,국내도서>외국어>영작문,2.0,1029.0
9788937454820,귀신들의 땅,"천쓰홍 (지은이), 김태성 (옮긴이)",민음사,국내도서>소설/시/희곡>중국소설,1.0,1030.0
9791138924405,"큰별쌤 최태성의 별별한국사 7일의 기적 한국사능력검정시험 심화(1, 2, 3급) - 7일 만에 끝내는 한능검 단기 학습서",최태성 (지은이),이투스북,"국내도서>수험서/자격증>한국사능력검정시험>심화(1,2,3급)",1.0,1031.0
9791197093777,원페이지 교육학 기본서 하 - 제7판,Dave (지은이),새벽노을,국내도서>수험서/자격증>공무원 수험서>교원임용시험>교육학,1.0,1032.0
9791139718607,100가지 식물로 읽는 세계사 - 사과와 장미부터 크리스마스트리까지 인류와 역사를 함께 만든 식물 이야기,"사이먼 반즈 (지은이), 이선주 (옮긴이)",현대지성,국내도서>역사>세계사 일반,1.0,1033.0
9788983717733,"멀고도 가까운 - 읽기, 쓰기, 고독, 연대에 관하여","리베카 솔닛 (지은이), 김현우 (옮긴이)",반비,국내도서>인문학>인문 에세이,1.0,1034.0
9791167781284,리플 빅뱅 - 세상의 모든 돈은 XRP로 통한다,문창훈 (지은이),가디언,국내도서>경제경영>재테크/투자>가상/암호화폐,1.0,1035.0
9791169663403,2025 문동균 한국사 95+5점을 위한 진도별 모의고사,문동균 (지은이),에스티유니타스,국내도서>수험서/자격증>공무원 수험서>7/9급 공무원>한국사>기출/문제집/모의고사,1.0,1036.0
9791136033000,2025 에듀윌 스포츠지도사 필기 한권끝장 + 모의고사 3회분 - 2급 전문/2급 생활/2급 장애인/유소년/노인 스포츠지도사,"정수봉, 이준영, 원효리, 이성열, 임다연 (지은이)",에듀윌,국내도서>수험서/자격증>국가전문자격>스포츠지도사,1.0,1037.0
9791194530008,그때 뽑은 흰머리 지금 아쉬워 - 노인들의 일상을 유쾌하게 담다,"사단법인 전국유료실버타운협회 포푸라샤 편집부 (지은이), 이지수 (옮긴이)",포레스트북스,국내도서>소설/시/희곡>시>외국시,1.0,1038.0
9791197714177,2025 한번에 딱 붙는 딱풀 사회보험법 - 공인노무사 1차 시험대비,이지영 (지은이),오워크,국내도서>수험서/자격증>국가전문자격>공인노무사,1.0,1039.0
9791193584811,왜 테슬라인가 - 당신이 테슬라에 투자해야 하는 이유,지혜탐험가 (지은이),포르체,국내도서>경제경영>경제학/경제일반>경제사/경제전망>세계 경제사/경제전망,1.0,1040.0
9791199102316,단어 없는 단어장,"이윤규, 주지후 (지은이)",드림스쿨,국내도서>외국어>영어학습법,1.0,1041.0
9791170611875,시대예보: 호명사회,송길영 (지은이),교보문고(단행본),국내도서>경제경영>경제학/경제일반>경제사/경제전망>한국 경제사/경제전망,1.0,1042.0
9791167552723,죽이고 싶은 아이 2,이꽃님 (지은이),우리학교,국내도서>청소년>청소년 문학>청소년 소설,2.0,1044.0
9791168271999,부모의 어휘력 - 정확히 말할수록 아이의 세상이 커지는 필수 어휘 126,김종원 (지은이),카시오페아,국내도서>좋은부모>교육/학습>언어/외국어 교육,2.0,1046.0
9791191369540,"왜 당신은 다른 사람을 위해 살고 있는가 - 아침과 저녁, 나를 위한 철학 30day",고윤(페이서스 코리아) (지은이),딥앤와이드(Deep&WIde),국내도서>인문학>철학 일반>교양 철학,2.0,1048.0
9791197093760,원페이지 교육학 기본서 상 - 제7판,Dave (지은이),새벽노을,국내도서>수험서/자격증>공무원 수험서>교원임용시험>교육학,1.0,1049.0
9791141608453,괴테 할머니의 인생 수업,"전영애 (지은이), 최경은 (정리)",문학동네,국내도서>인문학>인문 에세이,1.0,1050.0
9791169663595,2025 신경향 이동기 영어 기적의 특강 - 시험장에 가지고 갈 파이널 핵심요약집,(주)이앤미래(대표 이동기) (지은이),에스티유니타스,국내도서>수험서/자격증>공무원 수험서>7/9급 공무원>영어>7/9급 기본서,1.0,1051.0
9788933872482,한 말씀만 하소서 - 출간 20주년 특별 개정판,박완서 (지은이),세계사,국내도서>에세이>한국에세이,1.0,1052.0
9791198648013,만성질환 자연치료 식이요법 갭스 (GAPS diet),나타샤 캠벨 (지은이),겸엑스,국내도서>건강/취미>대체의학,1.0,1053.0
9791168754188,2025 산업안전기사 과년도 + 무료동영상 - 전과목 이론+10개년 과년도 문제해설+모의고사 2회,최윤정 (지은이),구민사,국내도서>수험서/자격증>국가기술자격>안전관리>산업안전/산업기사,1.0,1054.0
9791192999470,의도의 힘 - 당신이 이미 가지고 있는 성공의 능력,"웨인 다이어 (지은이), 박선주 (옮긴이)",빌리버튼,국내도서>자기계발>성공>성공학,1.0,1055.0
9791185417387,초한전 - 세계화 시대의 전쟁과 전법,"챠오량, 왕샹수이 (지은이), 이정곤 (옮긴이)",교우미디어,국내도서>대학교재/전문서적>사회과학계열>군사학,1.0,1056.0
9791191675160,중국의 초한전 - 새로운 전쟁의 도래,이지용 (지은이),에포크미디어코리아,국내도서>사회과학>정치학/외교학/행정학>각국정치사정/정치사>중국,1.0,1057.0
9791168731387,"인식적 부정의 - 권력, 편견, 그리고 앎의 윤리","미란다 프리커 (지은이), 유기훈, 정선도 (옮긴이)",오월의봄,국내도서>인문학>서양철학>윤리학/도덕철학,1.0,1058.0
9791198935038,엄마의 얼굴 - 김재원 힐링 에세이,김재원 (지은이),달먹는토끼,국내도서>에세이>한국에세이,1.0,1059.0
9791190302326,2025 선재국어 신유형 매일 국어 시즌 3 - 선재국어가 제시하는 매일 학습 전략,이선재 (지은이),수비니겨,국내도서>수험서/자격증>공무원 수험서>7/9급 공무원>국어>기출/문제집/모의고사,1.0,1060.0
9791191600704,"진짜 쓰는 실무 엑셀 - 유튜브 대표 엑셀 채널, 오빠두가 알려 주는 엑셀 함수, 보고서 작성, 데이터 분석 노하우!",오빠두(전진권) (지은이),제이펍,국내도서>컴퓨터/모바일>오피스(엑셀/파워포인트)>엑셀,2.0,1062.0
9791167374561,영원한 천국,정유정 (지은이),은행나무,국내도서>소설/시/희곡>한국소설>2000년대 이후 한국소설,1.0,1063.0
9791141601447,모우어,천선란 (지은이),문학동네,국내도서>소설/시/희곡>한국소설>2000년대 이후 한국소설,1.0,1064.0
9791168270015,만화로 보는 3분 철학 2 : 서양 중세·근대 철학편,"김재훈, 서정욱 (지은이)",카시오페아,국내도서>인문학>철학 일반>교양 철학,1.0,1065.0
9788917237955,ETS 토익 단기 공략 850+ (LC + RC) - 본책 + 해설집 + 실전 모의고사 1회분 + 무료 MP3 파일 / TOEIC 고난도 최신 기출문항으로 완성된 단기완성 시리즈,ETS (지은이),(주)YBM(와이비엠),국내도서>외국어>토익>실전,1.0,1066.0
9791169662352,2025 문동균 한국사 한 권으로 모든 것을 정리하는 판서노트 (한정판),문동균 (지은이),에스티유니타스,국내도서>수험서/자격증>공무원 수험서>7/9급 공무원>한국사>강의노트/기타,1.0,1067.0
9791169662376,2025 문동균 한국사 기출은 문동균,문동균 (지은이),에스티유니타스,국내도서>수험서/자격증>공무원 수험서>7/9급 공무원>한국사>기출/문제집/모의고사,1.0,1068.0
9791185851310,스파이 코스트,"테스 게리첸 (지은이), 박지민 (옮긴이)",미래지향,국내도서>소설/시/희곡>영미소설,1.0,1069.0
9791171179091,수연이네 삼 형제 완밥 레시피 - 한 번에 만들어 온 가족이 함께 먹는,유수연 (지은이),21세기북스,국내도서>요리/살림>생활요리,1.0,1070.0
9791130661605,내가 틀릴 수도 있습니다 : 108일 내 안의 나침반을 발견하는 필사의 시간,"비욘 나티코 린데블라드 (지은이), 토마스 산체스 (그림), 박미경 (옮긴이)",다산초당,국내도서>인문학>인문 에세이,1.0,1071.0
9788925575025,몰입 확장판 - 인생을 바꾸는 자기 혁명,황농문 (지은이),알에이치코리아(RHK),국내도서>자기계발>성공>성공학,1.0,1072.0
9791198035523,절박함을 버린 남자들 - 현대 남성을 위한 인생 지침서,"마크 맨슨 (지은이), 이안 (옮긴이)",너를위한,국내도서>자기계발>인간관계>인간관계,1.0,1073.0
9791162052440,2025 심슨 독해 300제,심우철 (지은이),심슨북스,국내도서>수험서/자격증>공무원 수험서>7/9급 공무원>영어>단어/문법/독해 외,1.0,1074.0
9788986022841,상실,"조앤 디디온 (지은이), 홍한별 (옮긴이)",책읽는수요일,국내도서>에세이>외국에세이,1.0,1075.0
9788901290669,운명을 바꾸는 말하기 수업 - 인생의 가치를 끌어올리는 결정적 기술,이영선 (지은이),웅진지식하우스,국내도서>자기계발>협상/설득/화술>화술,1.0,1076.0
9791167693594,"책벌레의 하극상 제5부 : 여신의 화신 7 - 사서가 되기 위해서라면 뭐든지 할 수 있어, V+","카즈키 미야 (지은이), 시이나 유우 (그림), 김정규 (옮긴이)",길찾기,국내도서>소설/시/희곡>라이트 노벨>기타 라이트노벨,1.0,1077.0
9791198854346,"불안사회 생존철학 - 혼란과 불안의 시대, 길을 밝히는 철학","장 폴 주아리 (지은이), 배정은 (옮긴이)",상상스퀘어,국내도서>인문학>서양철학>서양철학 일반,1.0,1078.0
9788947549905,ETF 투자 7일 완성 - 투자로 부자 되는 가장 쉬운 방법,신성호 (지은이),한국경제신문,국내도서>경제경영>재테크/투자>주식/펀드,1.0,1079.0
9791188601561,8가지 기초 스티치로 완성하는 원포인트 자수 스티치 550,"일본보그사 (지은이), 이은정 (옮긴이)",참돌,국내도서>건강/취미>공예>뜨개질/퀼트/십자수/바느질,1.0,1080.0
9791193378328,"쓰기의 미래 - AI라는 유혹적 글쓰기 도구의 등장, 그 이후","나오미 배런 (지은이), 배동근 (옮긴이), 엄기호 (해제)",북트리거,국내도서>인문학>교양 인문학,1.0,1081.0
9791194172093,작가와 작품을 분리할 수 있는가?,"지젤 사피로 (지은이), 원은영 (옮긴이)",이음,국내도서>인문학>인문 에세이,1.0,1082.0
9791171830824,사람의 향기 - 사서삼경에서 건져 올린 천년의 내공,조윤제 (지은이),유노북스,국내도서>인문학>동양철학>동양철학 일반,1.0,1083.0
9791190302333,2025 선재국어 실전 봉투 모의고사 2 결승선 - 인혁처 신유형에 꼭 맞춘 모의고사,이선재 (지은이),수비니겨,국내도서>수험서/자격증>공무원 수험서>7/9급 공무원>국어>기출/문제집/모의고사,1.0,1084.0
9791170436126,지식인사이드 : 인간관계 편 - 삶의 변화를 가져오는 12가지 인간관계 처방전,"최명기, 한석준, 이헌주 (지은이)",믹스커피,국내도서>인문학>교양 인문학,1.0,1085.0
9791198934642,"우리는 왜 공허한가 - 문제는 나인가, 세상인가 현실의 벽 앞에서 우리가 묻지 않는 것들","멍칭옌 (지은이), 하은지 (옮긴이)",이든서재,국내도서>인문학>교양 인문학,1.0,1086.0
9791189938772,회복탄력성 (15만부 기념 리커버) - 시련을 행운으로 바꾸는 마음 근력의 힘,김주환 (지은이),위즈덤하우스,국내도서>자기계발>성공>성공학,1.0,1087.0
9791130689890,내가 틀릴 수도 있습니다 - 숲속의 현자가 전하는 마지막 인생 수업,"비욘 나티코 린데블라드 (지은이), 토마스 산체스 (그림), 박미경 (옮긴이)",다산초당,국내도서>인문학>인문 에세이,1.0,1088.0
9791155383933,경제금융용어 700선,한국은행 (엮은이),한국은행,국내도서>경제경영>경제학/경제일반>화폐/금융/재정,1.0,1089.0
9791137910539,"10일 만에 끝내는 해커스 OPIc 오픽 (Advanced 공략) - 한 권으로 오픽 IH/AL 달성, 최신 오픽 서베이 항목 반영! [무료 온라인 실전모의고사 + 교재 MP3 + 주제별 답변 아이디어&표현 사전]",해커스 오픽연구소 (지은이),(주)해커스,국내도서>외국어>OPIc/인터뷰 영어>OPIc,1.0,1090.0
9791171175864,행복의 기원 - 인간의 행복은 어디서 오는가,서은국 (지은이),21세기북스,국내도서>인문학>심리학/정신분석학>교양 심리학,1.0,1091.0
9788965425779,해커스 일본어 첫걸음 히라가나 가타카나 쓰기노트 + 무료 어플/동영상 제공 - 히라가나 가타카나 한 번에 써보기ㅣ 히라가나 가타카나 암기 동영상+해커스 일본어 첫걸음 어플+히라가나 가타카나 단어/문장 필사노트 제공,해커스 일본어연구소 (지은이),해커스어학연구소(Hackers),국내도서>외국어>일본어>일본어 첫걸음,1.0,1092.0
9791162145043,행복할 거야 이래도 되나 싶을 정도로,일홍 (지은이),부크럼,국내도서>에세이>한국에세이,1.0,1093.0
9791193282038,우리에게 남은 시간 46일,이설 (지은이),하이스트,국내도서>소설/시/희곡>한국소설>2000년대 이후 한국소설,1.0,1094.0
9791199015807,초효율,타이탄철물점(오윤록) (지은이),타이탄북스,국내도서>경제경영>CEO/비즈니스맨을 위한 능력계발>성공학/경력관리,1.0,1095.0
9788965662679,2025 에센스 노동법 1,전시춘 (지은이),청출어람,국내도서>수험서/자격증>국가전문자격>공인노무사,1.0,1096.0
9791190669603,인간 실격 (오리지널 초판본 표지 디자인),"다자이 오사무 (지은이), 장하나 (옮긴이)",코너스톤,국내도서>소설/시/희곡>일본소설>1950년대 이전 일본소설,1.0,1097.0
9791198944023,몽테뉴의 살아있는 생각,"앙드레 지드 (지은이), 오웅석 (옮긴이)",서교책방,국내도서>인문학>교양 인문학,1.0,1098.0
9791192366463,"문성실의 20년 대박 반찬 - 가성비도, 맛도 꽉 잡은 20년 반찬 노하우",문성실 (지은이),레시피팩토리,국내도서>요리/살림>생활요리,1.0,1099.0
9791198528322,쓸수록 돈이 된다,양원근 (지은이),해뜰서가,국내도서>자기계발>성공>성공학,1.0,1100.0
9791167229045,2025 고종훈 한국사 동형모의고사 시즌 1,고종훈 (지은이),메가스터디교육(공무원),국내도서>수험서/자격증>공무원 수험서>7/9급 공무원>한국사>기출/문제집/모의고사,1.0,1101.0
9791169663687,2025 이동기 영어 신경향 실전동형 모의고사 Vol.2 - 공무원 영어의 시작과 끝,이동기 (지은이),에스티유니타스,국내도서>수험서/자격증>공무원 수험서>7/9급 공무원>영어>기출/문제/모의고사,1.0,1102.0
9791198927224,"잃어버린 언어를 찾아서 - 죄, 참회, 구원에 관하여, 개정증보판","바바라 브라운 테일러 (지은이), 정다운 (옮긴이)",비아,국내도서>종교/역학>기독교(개신교)>기독교(개신교) 신앙생활>신앙생활일반,1.0,1103.0
9791130663005,필사는 도끼다 - 얼어붙은 감수성을 깨는 지성의 문장들,김지수 (지은이),다산북스,국내도서>인문학>책읽기/글쓰기>글쓰기,1.0,1104.0
9791158883591,부자 아빠 가난한 아빠 1 (20주년 특별 기념판) - 개정증보판,"로버트 기요사키 (지은이), 안진환 (옮긴이)",민음인,국내도서>경제경영>재테크/투자>재테크/투자 일반,2.0,1106.0
9791197437311,백년 허리 2 : 치료편 - 내 허리 사용 설명서,정선근 (지은이),언탱글링,국내도서>건강/취미>질병치료와 예방>허리/디스크/척추/통증,1.0,1107.0
9791193282045,쇼펜하우어 인생수업 - 한 번뿐인 삶 이렇게 살아라,"아르투어 쇼펜하우어 (지은이), 김지민 (엮은이)",하이스트,국내도서>인문학>서양철학>근대철학>쇼펜하우어,2.0,1109.0
9791193238493,당신을 알기 전에는 시 없이도 잘 지냈습니다,류시화 (지은이),수오서재,국내도서>소설/시/희곡>시>한국시,1.0,1110.0
9788915999008,임신 출산 육아 대백과 (최신개정판) - 술술 잘 읽히는 첫아기 잘 키우는 법,"삼성출판사 편집부 (엮은이), 김진영, 김영훈 (감수)",삼성출판사,국내도서>좋은부모>임신/출산,2.0,1112.0
9791140703050,"일본어 상용한자 무작정 따라하기 1 - 일본어 한자 읽기, 암기에도 우선순위가 있다!",권경배 (지은이),길벗이지톡,국내도서>외국어>일본어>일본어 어휘/한자/문법,1.0,1113.0
9788925578156,월급쟁이 부자로 은퇴하라 (10만 부 돌파 기념 증보판),너나위 (지은이),알에이치코리아(RHK),국내도서>경제경영>재테크/투자>부동산/경매,1.0,1114.0
9791191769845,더 빠르게 실패하기 (15만 부 기념 에디션),"존 크럼볼츠, 라이언 바비노 (지은이), 최현성 (옮긴이)",스노우폭스북스,국내도서>자기계발>성공>성공학,1.0,1115.0
9791190302272,2025 선재국어 예상 기출서 2 - 기출과 실전 훈련,"이선재, 선재국어연구소 (지은이)",수비니겨,국내도서>수험서/자격증>공무원 수험서>7/9급 공무원>국어>7/9급 기본서 및 부교재,1.0,1116.0
9791187142447,자유론 (무삭제 완역본),"존 스튜어트 밀 (지은이), 박문재 (옮긴이)",현대지성,국내도서>인문학>서양철학>근대철학>근대철학 일반,1.0,1117.0
9791140711444,2025 시나공 정보처리기사 필기 기본서 - 기출문제집 + 동영상 강의 + CBT문제은행,"길벗 R&D, 강윤석, 김용갑, 김우경, 김종일, 김정준 (지은이)",길벗,국내도서>컴퓨터/모바일>활용능력>정보처리기사,1.0,1118.0
9791167227492,2025 전한길 한국사 3.0 기출문제집 - 전2권,전한길 (지은이),메가스터디교육(공무원),국내도서>수험서/자격증>공무원 수험서>7/9급 공무원>한국사>기출/문제집/모의고사,1.0,1119.0
9788968334498,게으른 자를 위한 수상한 화학책 - 지식 쌓고 시간 버는 기적의 화학 수업,이광렬 (지은이),블랙피쉬,국내도서>과학>화학>쉽게 배우는 화학,1.0,1120.0
9791194399063,2025 권규호 신유형 공무원 모의고사 2,권규호 (지은이),권규호언어연구실,국내도서>수험서/자격증>공무원 수험서>7/9급 공무원>국어>기출/문제집/모의고사,1.0,1121.0
9791173320149,"모든 것은 예측 가능하다 - 진단검사에서 뇌의 작동 원리까지, 세상을 설명하는 베이즈 정리의 놀라운 힘","톰 치버스 (지은이), 홍한결 (옮긴이)",김영사,국내도서>과학>기초과학/교양과학,1.0,1122.0
9791198881984,유대인의 상술 - 긴자의 장사꾼 후지다 덴의 가르침,"후지다 덴 (지은이), 이경미 (옮긴이)",지니의서재,국내도서>자기계발>성공>성공학,1.0,1123.0
9791193712795,키친 가든 앤 라이프,박현신 (지은이),한즈미디어(한스미디어),국내도서>요리/살림>음식 이야기,1.0,1124.0
9788947549943,180만 원 월급쟁이 이주임은 어떻게 경매 부자가 됐을까 - 초보도 할 수 있는 4주 실전 플랜,이주임 (지은이),한국경제신문,국내도서>경제경영>재테크/투자>재테크/투자 일반,1.0,1125.0
9791172100872,에브리데이 니팅 클럽 - 대바늘·코바늘로 뜨는 니트와 소품 13,낙양모사 (지은이),동양북스(동양문고),국내도서>건강/취미>공예>뜨개질/퀼트/십자수/바느질,1.0,1126.0
9791164712786,옆문 전략 - 사업의 불확실성을 극복하는 생존 기술,라유진 (지은이),행성B(행성비),국내도서>경제경영>기업 경영>경영전략/혁신,1.0,1127.0
9791190337755,죽이고 싶은 아이 - 2021 아르코 문학나눔 선정,이꽃님 (지은이),우리학교,국내도서>청소년>청소년 문학>청소년 소설,2.0,1129.0
9788936513191,스크루테이프의 편지 - 정본 C. S. 루이스 클래식,"C. S. 루이스 (지은이), 김선형 (옮긴이)",홍성사,국내도서>종교/역학>기독교(개신교)>기독교(개신교) 신앙생활>신앙생활일반,1.0,1130.0
9788937462146,면도날,"서머싯 몸 (지은이), 안진환 (옮긴이)",민음사,국내도서>소설/시/희곡>영미소설,1.0,1131.0
9791193790083,히든 픽처스,"제이슨 르쿨락 (지은이), 유소영 (옮긴이)",문학수첩,국내도서>소설/시/희곡>추리/미스터리소설>영미 추리/미스터리소설,1.0,1132.0
9791130658643,불안사회 - 왜 우리는 희망하는 법을 잃어버렸나?,"한병철 (지은이), 최지수 (옮긴이)",다산초당,국내도서>인문학>인문 비평,1.0,1133.0
9791193378335,"제대로 연습하는 법 - 어학부터 스포츠까지, 인지심리학이 제시하는 배움의 기술","아투로 E. 허낸데즈 (지은이), 방진이 (옮긴이)",북트리거,국내도서>인문학>심리학/정신분석학>뇌과학/인지심리학,1.0,1134.0
9791155817346,눈에 보이지 않는 돈의 지도책 - 세계 경제를 읽는 데이터 지리학,"다리우시 보이치크 (지은이), 제임스 체셔, 올리버 우버티 (그림), 윤종은 (옮긴이)",윌북,국내도서>사회과학>지리학/지정학>지리학,1.0,1135.0
9791190538749,결국 잘되는 사람들의 태도 - 2300년 이어 온 철학에서 배우다,"앤드루 매코널 (지은이), 안종설 (옮긴이)",메이븐,국내도서>자기계발>성공>성공학,1.0,1136.0
9791168272682,부자들의 서재 - 전 세계 상위 1% 부자들의 인사이트 30,리치파카(강연주) (지은이),오아시스,국내도서>자기계발>성공>성공학,1.0,1137.0
9791191013832,이토록 위대한 장 (700만 부 기념 개정증보판) - 장에서 시작하는 건강 혁명,"줄리아 엔더스 (지은이), 질 엔더스 (그림), 배명자 (옮긴이)",북라이프,국내도서>건강/취미>건강정보>건강에세이/건강정보,1.0,1138.0
9791162544051,"걱정 해방 - 불안 과잉 시대, 마음의 면역력을 키우는 멘탈 수업","폴커 부슈 (지은이), 김현정 (옮긴이)",비즈니스북스,국내도서>자기계발>힐링>마음 다스리기,1.0,1139.0
9791168181991,2025 이유진 국어 백일기도 모의고사 시즌 2 : 轉(전),이유진 (지은이),고시동네,국내도서>수험서/자격증>공무원 수험서>7/9급 공무원>국어>기출/문제집/모의고사,1.0,1140.0
9788917238532,ETS 토익 정기시험 기출문제집 1000 Vol. 3 Listening (리스닝) - TOEIC 기출문제 한국 독점출간 / 문제집 + 해설집 + ETS 성우 음원 MP3 파일 + APP 모바일 학습 / 2022 대비 최신판,ETS (엮은이),(주)YBM(와이비엠),국내도서>외국어>토익>Listening,1.0,1141.0
9791190313131,지적 대화를 위한 넓고 얕은 지식 : 제로 편 - 지혜를 찾아 138억 년을 달리는 시간 여행서,채사장 (지은이),웨일북,국내도서>인문학>교양 인문학,1.0,1142.0
9791191280333,데일 카네기 자기관리론 - 국내최초 초판 무삭제 완역본,"데일 카네기 (지은이), 임상훈 (옮긴이)",현대지성,국내도서>자기계발>성공>성공학,2.0,1144.0
9791192519883,"돈, 뜨겁게 사랑하고 차갑게 다루어라","앙드레 코스톨라니 (지은이), 한윤진 (옮긴이)",미래의창,국내도서>경제경영>재테크/투자>주식/펀드,1.0,1145.0
9791190090261,천 개의 파랑 - 2019년 제4회 한국과학문학상 장편 대상,천선란 (지은이),허블,국내도서>소설/시/희곡>과학소설(SF)>한국 과학소설,1.0,1146.0
9791192300917,"오십에 읽는 주역 - 팔자, 운세, 인생을 바꾸는 3,000년의 지혜",강기진 (지은이),유노북스,국내도서>인문학>동양철학>유교철학/주역>주역,1.0,1147.0
9791188601233,오늘의 일인분 일식 - 나를 위한 맛있는 일본 가정식 한 끼,"베터홈 협회 (지은이), 이진숙 (옮긴이)",참돌,국내도서>요리/살림>나라별 요리>일본요리,1.0,1148.0
9788956057842,당신 인생의 이야기,"테드 창 (지은이), 김상훈 (옮긴이)",엘리,국내도서>소설/시/희곡>과학소설(SF)>외국 과학소설,1.0,1149.0
9788935703081,리얼리티 트랜서핑 1 - 러시아 물리학자의 시크릿 노트,"바딤 젤란드 (지은이), 박인수 (옮긴이)",정신세계사,국내도서>자기계발>성공>성공학,1.0,1150.0
9791193282090,당신에게 분명 좋은 일만 생길 거예요,이슬비 (지은이),다담북스,국내도서>에세이>한국에세이,1.0,1151.0
9791140709267,일본어 단어 무작정 따라하기 - 이 한 권으로 정리된다!,후지이 아사리 (지은이),길벗이지톡,국내도서>외국어>일본어>일본어 어휘/한자/문법,1.0,1152.0
9791190885621,내가 되는 꿈 (리커버),최진영 (지은이),현대문학,국내도서>소설/시/희곡>한국소설>2000년대 이후 한국소설,1.0,1153.0
9791193369043,독끝 NCS 기본서 : 독학으로 끝내는 공기업 NCS 통합기본서 (PSAT형+모듈형+피듈형) - 전2권 - 한국전력공사·한국철도공사·한국도로공사·한국가스공사·수자원공사·한국수력원자력·국민건강보험공단·근로복지공단·국민연금공단·인천국제공항공사·한국토지주택공사·중소벤처기업진흥공단·농어촌공사·한국관광공사·한국공항공사·한국남동발전·한국중부발전·지역난방공사·서울교통공사·부산교통공사,"길잡이연구소, 애드투북스 (지은이)",애드투북스,국내도서>수험서/자격증>취업/상식/적성>공사 공단 수험서>기타,1.0,1154.0
9791198774835,말투만 바꿨을 뿐인데,김민성 (지은이),프로파일러 북스,국내도서>자기계발>협상/설득/화술>화술,1.0,1155.0
9791168342354,한석준의 대화의 기술 - 어느 누구와도 불편하지 않은 대화법,한석준 (지은이),인플루엔셜(주),국내도서>자기계발>협상/설득/화술>화술,1.0,1156.0
9791173350351,세이노의 가르침 100만 부 기념 특별보급판 - 피보다 진하게 살아라,세이노(SayNo) (지은이),데이원,국내도서>자기계발>성공>성공학,1.0,1157.0
9791187096146,엠알케이 잡지편선지 (최종호),MRK 편집부 (지은이),버튼티,국내도서>건강/취미>취미기타>기타,1.0,1158.0
9791140711482,애니만 봤더니 일본어를 잘하게 된 건에 대하여,센님(정세영) (지은이),길벗이지톡,국내도서>외국어>일본어>일본어 회화,1.0,1159.0
9791198560124,금가루 수업 - 역동적인 부의 법칙,"캐서린 폰더 (지은이), 이윤정 (옮긴이)",노들,국내도서>자기계발>성공>성공학,1.0,1160.0
9788965966821,"죽음은 직선이 아니다 - 암, 도전, 진화 그리고 삶과 죽음에 대한 매혹적인 탐구",김범석 (지은이),흐름출판,국내도서>인문학>교양 인문학,1.0,1161.0
9791169851213,나의 두 번째 교과서 x 이진우의 다시 만난 경제,"이진우 (지은이), EBS 제작팀 (기획)",페이지2(page2),국내도서>경제경영>경제학/경제일반>경제이야기,1.0,1162.0
9791199015845,비트코인 15억 간다 - 슈퍼리치의 탄생,돈복남 (지은이),코주부북스,국내도서>경제경영>재테크/투자>가상/암호화폐,1.0,1163.0
9791197461637,장녀해방일지,김시은 (지은이),김앤작컴퍼니,국내도서>에세이>한국에세이,1.0,1164.0
9791186573761,스토리보드 그리고 AI - 애니메이션과 영상연출을 위한,김종율 (지은이),비엘북스,국내도서>컴퓨터/모바일>그래픽/멀티미디어>그래픽 일반,1.0,1165.0
9791173320484,뇌를 이기는 습관 - 도파민형 인간·세로토닌형 인간 맞춤형 루틴 설계법,"코널 코완, 데이비드 키퍼 (지은이), 김두완 (옮긴이)",김영사,국내도서>인문학>교양 인문학,1.0,1166.0
9791156265399,2025 세법 강의 Summary 2 : 법인세법·국세기본법,강경태 (지은이),샘앤북스,국내도서>수험서/자격증>국가전문자격>공인회계사,1.0,1167.0
9791191061048,언젠가 우리가 같은 별을 바라본다면,"차인표 (지은이), 제딧 (그림)",해결책,국내도서>청소년>청소년 문학>청소년 소설,2.0,1169.0
9788937460050,동물농장,"조지 오웰 (지은이), 도정일 (옮긴이)",민음사,국내도서>소설/시/희곡>영미소설,1.0,1170.0
9788937437564,참을 수 없는 존재의 가벼움 (리커버) - 국내 출간 30주년 기념 특별판,"밀란 쿤데라 (지은이), 이재룡 (옮긴이)",민음사,국내도서>소설/시/희곡>세계의 소설>동유럽소설,2.0,1172.0
9791198243430,최소한의 한국사 - 5천 년 역사가 단숨에 이해되는,최태성 (지은이),프런트페이지,국내도서>역사>한국사 일반,2.0,1174.0
9791190313193,지적 대화를 위한 넓고 얕은 지식 2 - 현실 편 : 철학 / 과학 / 예술 / 종교 / 신비,채사장 (지은이),웨일북,국내도서>인문학>교양 인문학,1.0,1175.0
9791188469994,당신은 결국 무엇이든 해내는 사람 (특별 리커버 에디션),김상현 (지은이),필름(Feelm),국내도서>에세이>한국에세이,2.0,1177.0
9791193866146,철학의 쓸모,"로랑스 드빌레르 (지은이), 박효은 (옮긴이)",FIKA(피카),국내도서>인문학>교양 인문학,1.0,1178.0
9788940293980,착! 붙는 일본어 독학 첫걸음 - 히라가나부터 JLPT까지! 입에 착! 시험에 착!,일본어 공부기술연구소 (지은이),시사일본어사,국내도서>외국어>일본어>일본어 첫걸음,1.0,1179.0
9791162052464,2025 심슨 문법 300제 - 2025 심우철 영어 N제 시리즈,심우철 (지은이),심슨북스,국내도서>수험서/자격증>공무원 수험서>7/9급 공무원>영어>기출/문제/모의고사,1.0,1180.0
9791167902863,좋아하는 마음 없이 - 2025년 제70회 &lt;현대문학상&gt; 수상소설집,"김지연, 구병모, 권여선, 송지현, 이주혜, 최진영 (지은이)",현대문학,국내도서>소설/시/희곡>한국소설>2000년대 이후 한국소설,1.0,1181.0
9788991799561,축의 시대 - 종교의 탄생과 철학의 시작,"카렌 암스트롱 (지은이), 정영목 (옮긴이)",교양인,국내도서>인문학>신화/종교학>종교학>종교학 일반,1.0,1182.0
9791198917331,누구나 밤엔 명작을 쓰잖아요,김이듬 (지은이),타이피스트,국내도서>소설/시/희곡>시>한국시,1.0,1183.0
9791194330899,어두운 바다의 등불이 되어 세트 (1~4),연산호 (지은이),비채,국내도서>소설/시/희곡>판타지/환상문학>한국판타지/환상소설,1.0,1184.0
9788965404026,AI 리터러시 : 인공지능 필수 지식부터 완벽 활용까지 - 여전히 챗GPT만 붙들고 있는 당신에게,김용성 (지은이),프리렉,국내도서>컴퓨터/모바일>인공지능,1.0,1185.0
9791140711680,2025 시나공 컴퓨터활용능력 1급 필기 기출문제집 - 핵심요약 PDF + 동영상 강의 + CBT문제은행,"길벗 R&D, 강윤석, 김용갑, 김우경, 김종일 (지은이)",길벗,국내도서>컴퓨터/모바일>활용능력>컴퓨터활용능력>컴퓨터활용능력 필기,1.0,1186.0
9791198774880,왜 당신의 행복을 남에게서 찾는가,이근오 (지은이),든해,국내도서>인문학>교양 인문학,1.0,1187.0
9791198920461,2025 굿잡! 하지영쌤 직업상담사 2급 1차 필기 - 전체 무료강의 제공!,하지영 (지은이),직업상점,국내도서>수험서/자격증>국가기술자격>사회복지.종교>직업상담사,1.0,1188.0
9791169663311,2025 써니 행정법총론 핵심집약 - 전2권,박준철 (지은이),에스티유니타스,국내도서>수험서/자격증>공무원 수험서>7/9급 공무원>행정법>7/9급 교재,1.0,1189.0
9791191731712,너를 미워할 시간에 나를 사랑하기로 했다 - 관계에 휘둘리지 않고 나를 지키는 방법,윤서진 (지은이),스몰빅라이프,국내도서>자기계발>인간관계>인간관계,1.0,1190.0
9791170523383,미키7 완전판 세트 - 전2권,"에드워드 애슈턴 (지은이), 진서희 (옮긴이)",황금가지,국내도서>소설/시/희곡>과학소설(SF)>외국 과학소설,1.0,1191.0
9791162733370,친애하는 나의 글쓰기 - 읽히는 이야기와 쓰는 삶에 대하여,"이영관, 곽아람, 김민정, 윤상진 (지은이)",사회평론,국내도서>에세이>한국에세이,1.0,1192.0
9791130662381,"초월하는 뇌 - 인간의 뇌는 어떻게 영성, 기쁨, 경이로움을 발명하는가","앨런 라이트먼 (지은이), 김성훈 (옮긴이)",다산초당,국내도서>과학>뇌과학>뇌과학 일반,1.0,1193.0
9791197791703,"지금 다시, 헌법","차병직, 윤재왕, 윤지영 (지은이)",노르웨이숲,국내도서>사회과학>법과 생활>헌법,1.0,1194.0
9788932823102,죽을 때까지 유쾌하게 - 약해진 자들과 동행하는 삶의 해석학,김혜령 (지은이),IVP,국내도서>종교/역학>기독교(개신교)>기독교(개신교) 신앙생활>신앙생활일반,1.0,1195.0
9791191369021,버텨온 시간은 전부 내 힘이었다,신하영 (지은이),딥앤와이드(Deep&WIde),국내도서>에세이>한국에세이,1.0,1196.0
9788994796208,쉽게 배우는 한글 손글씨,디자인이음 편집부 (엮은이),디자인이음,국내도서>건강/취미>취미기타>기타,1.0,1197.0
9791197671777,잠옷을 입으렴,이도우 (지은이),수박설탕,국내도서>소설/시/희곡>한국소설>2000년대 이후 한국소설,1.0,1198.0
9788955378269,생활 주변의 과학 - 일상에서 만나는 과학의 비밀,일본 뉴턴프레스 (엮은이),아이뉴턴(뉴턴코리아),국내도서>과학>기초과학/교양과학,1.0,1199.0
9791187444725,부의 추월차선 (10주년 스페셜 에디션) - 부자들이 말해 주지 않는 진정한 부를 얻는 방법,"엠제이 드마코 (지은이), 신소영 (옮긴이)",토트,국내도서>경제경영>재테크/투자>재테크/투자 일반,1.0,1200.0
9791161571768,나의 돈키호테 (꿈의 책장 에디션),김호연 (지은이),나무옆의자,국내도서>소설/시/희곡>한국소설>2000년대 이후 한국소설,2.0,1202.0
9788957825945,"전설로 떠나는 월가의 영웅 - 주식투자에서 상식으로 성공하는 법, 2021 최신개정판","피터 린치, 존 로스차일드 (지은이), 이건 (옮긴이), 홍진채 (감수)",국일증권경제연구소,국내도서>경제경영>재테크/투자>주식/펀드,1.0,1203.0
9788982819278,고래 - 제10회 문학동네소설상 수상작,천명관 (지은이),문학동네,국내도서>소설/시/희곡>한국소설>2000년대 이후 한국소설,1.0,1204.0
9788927712428,JLPT 일본어능력시험 한권으로 끝내기 N2 - 최신 개정판,"이치우, 기타지마 치즈코 (지은이)",다락원,국내도서>외국어>일본어>JLPT>N2,1.0,1205.0
9788954696012,샤워젤과 소다수 (런치박스 리커버),고선경 (지은이),문학동네,국내도서>소설/시/희곡>시>한국시,1.0,1206.0
9788983928450,해리 포터와 비밀의 방 (미나리마 에디션),"J.K. 롤링 (지은이), 미나리마 (그림), 강동혁 (옮긴이)",문학수첩,국내도서>소설/시/희곡>판타지/환상문학>외국판타지/환상소설,1.0,1207.0
9788986836837,왜 나는 너를 사랑하는가 (70만 부 기념 리커버),"알랭 드 보통 (지은이), 정영목 (옮긴이)",청미래,국내도서>소설/시/희곡>영미소설,1.0,1208.0
9788947549882,이코노미스트 2025 세계대전망,"영국 이코노미스트 (지은이), 이고운, 이유정, 전예진 (옮긴이)",한국경제신문,국내도서>경제경영>경제학/경제일반>경제사/경제전망>세계 경제사/경제전망,1.0,1209.0
9788932035307,날개 환상통,김혜순 (지은이),문학과지성사,국내도서>소설/시/희곡>시>한국시,1.0,1210.0
9791169091558,연루됨 - 인류학자의 세상 읽기,조문영 (지은이),글항아리,국내도서>사회과학>사회학>사회학 일반,1.0,1211.0
9791170521730,미키7,"에드워드 애슈턴 (지은이), 배지혜 (옮긴이)",황금가지,국내도서>소설/시/희곡>과학소설(SF)>외국 과학소설,1.0,1212.0
9788934974260,킨,"옥타비아 버틀러 (지은이), 이수현 (옮긴이)",비채,국내도서>소설/시/희곡>과학소설(SF)>외국 과학소설,1.0,1213.0
9791140714285,처음부터 배우는 부동산 경매투자 - 낙찰부터 매도까지 6개월 단기 수익 필승 플랜!,엠제이(장재호) (지은이),길벗,국내도서>경제경영>재테크/투자>부동산/경매,1.0,1214.0
9791167229823,2025 조태정 영어 실전동형 모의고사,조태정 (지은이),넥스트스터디,국내도서>수험서/자격증>공무원 수험서>7/9급 공무원>영어>기출/문제/모의고사,1.0,1215.0
9791191887259,온 마음 다하여 - 살며 사랑하며 믿는 것에 관하여,"레이첼 헬드 에반스, 제프 추 (지은이), 백지윤 (옮긴이)",바람이불어오는곳,국내도서>종교/역학>기독교(개신교)>기독교(개신교) 신앙생활>간증/영적성장,1.0,1216.0
9791140711062,2025 시나공 정보처리기능사 실기 기본서 - 최신기출문제집(PDF) + 동영상 강의,"길벗 R&D, 강윤석, 김용갑, 김우경, 김종일, 김유홍 (지은이)",길벗,국내도서>컴퓨터/모바일>활용능력>정보처리기능사,1.0,1217.0
9791129705310,주민의 헌법 - 국회의원 박주민의 헌법 이야기,박주민 (지은이),새로운현재(메가스터디북스),국내도서>사회과학>법과 생활>헌법,1.0,1218.0
9791158792305,파선 - 뱃님 오시는 날,"요시무라 아키라 (지은이), 송영경 (옮긴이)",북로드,국내도서>소설/시/희곡>추리/미스터리소설>일본 추리/미스터리소설,1.0,1219.0
9788936480677,시로 채우는 내 마음 필사노트 - 마음을 표현하고 싶지만 한 단어도 쓰기 힘든 당신을 위한 문장들,황인찬 외 (지은이),창비,국내도서>소설/시/희곡>시>한국시,1.0,1220.0
9791189985622,2025 시험전엔 기타세법 - 스마트한 기타세법 기본서,양소영 (지은이),스케치스,국내도서>수험서/자격증>국가전문자격>세무사,1.0,1221.0
9788937491719,한편 16호 : 유머,민음사 편집부 (엮은이),민음사,국내도서>인문학>학회/무크/계간지,1.0,1222.0
9791156265382,2025 세법 강의 Summary 1 : 부가가치세법·소득세법·상속세 및 증여세법,강경태 (지은이),샘앤북스,국내도서>수험서/자격증>국가전문자격>공인회계사,1.0,1223.0
9791192836188,문과 남자의 과학 공부 - 나는 무엇이고 왜 존재하며 어디로 가는가?,유시민 (지은이),돌베개,국내도서>인문학>교양 인문학,1.0,1224.0
9788934965404,국어 잘하는 아이가 이깁니다 - ‘갓민애’ 교수의 초등 국어 달인 만들기,나민애 (지은이),김영사,국내도서>좋은부모>교육/학습>독서/작문 교육,2.0,1226.0
9791192389172,김재우의 영어회화 100 - 원어민처럼 말하는 진짜 영어회화,김재우 (지은이),상상스퀘어,국내도서>외국어>영어회화>생활영어,1.0,1227.0
9791198013088,김미경의 딥마인드 - 열심히 살아봤지만 허무함에 지친 당신을 위한,김미경 (지은이),어웨이크북스,국내도서>자기계발>성공>성공학,1.0,1228.0
9791193506844,생각의 연금술 - 생각이 인생의 예언이 되는 순간,"제임스 알렌 (지은이), 하와이 대저택 (엮은이), 송은선, 함희영 (옮긴이)",포레스트북스,국내도서>자기계발>성공>성공학,1.0,1229.0
9791186858387,28시간에 끝내는 토익스피킹 스타트 - 최신 개정,"황인기(제이크), 시원스쿨어학연구소 (지은이)",시원스쿨LAB,국내도서>외국어>토익>토익 Speaking,2.0,1231.0
9788990982704,용의자 X의 헌신 - 제134회 나오키상 수상작,"히가시노 게이고 (지은이), 양억관 (옮긴이)",재인,국내도서>소설/시/희곡>추리/미스터리소설>일본 추리/미스터리소설,1.0,1232.0
9788998075088,상처받지 않는 영혼 - 내면의 자유를 위한 놓아 보내기 연습,"마이클 A. 싱어 (지은이), 이균형 (옮긴이), 성해영 (감수)",라이팅하우스,국내도서>인문학>심리학/정신분석학>교양 심리학,1.0,1233.0
9791197672125,똑게육아 - 영유아 수면교육,로리(김준희) (지은이),북로스트,국내도서>좋은부모>육아>성장/발달,1.0,1234.0
9791198886101,태도에 관하여 (20만 부 기념 완결판) - 나를 살아가게 하는 가치들,임경선 (지은이),토스트,국내도서>에세이>명사에세이>기타 명사에세이,1.0,1235.0
9791193358245,말하고 싶은 비밀,"사쿠라 이이요 (지은이), 김윤경 (옮긴이)",모모,국내도서>소설/시/희곡>로맨스소설>외국 로맨스소설,1.0,1236.0
9791190030540,정재승의 과학 콘서트 (개정증보 2판) - 복잡한 세상 명쾌한 과학,정재승 (지은이),어크로스,국내도서>과학>기초과학/교양과학,1.0,1237.0
9788965426004,"해커스 토플 리스닝 (Hackers TOEFL Listening) - 2023년 7월 26일 개정 시험 반영 l iBT 토플 리스닝 실전모의고사 l 단어암기 MP3, 쉐도잉&말하기 연습 프로그램 l 기본부터 실전까지 4주 완성",David Cho (지은이),해커스어학연구소(Hackers),국내도서>외국어>토플>Listening,1.0,1238.0
9791188601547,전기밥솥 레시피,"호시노 나나코 (지은이), 이진숙 (옮긴이)",참돌,국내도서>요리/살림>나라별 요리>일본요리,1.0,1239.0
9791193300398,망그러진 만화 3,유랑 (지은이),좋은생각,국내도서>에세이>사진/그림 에세이,1.0,1240.0
9788932029115,끝과 시작 - 비스와바 쉼보르스카 시선집,"비스와바 쉼보르스카 (지은이), 최성은 (옮긴이)",문학과지성사,국내도서>소설/시/희곡>시>외국시,1.0,1241.0
9791185121505,비폭력 대화 - 일상에서 쓰는 평화와 공감의 언어,"마셜 B. 로젠버그 (지은이), 캐서린 한 (옮긴이)",한국NVC출판사,국내도서>인문학>심리학/정신분석학>심리치료,1.0,1242.0
9791155817179,생각하라 그리고 부자가 되어라 - 부와 성공을 현실로 만들 13가지 원칙,"나폴레온 힐 (지은이), 김미란 (옮긴이)",윌북,국내도서>자기계발>성공>성공학,1.0,1243.0
9791172109004,부오니시모! 나의 미뇨끼 레시피북 - 요리 유튜버 미뇨끼의 33가지 이탈리아 현지 가정식,미뇨끼 (지은이),동양북스(동양문고),국내도서>요리/살림>나라별 요리>이탈리아 요리,1.0,1244.0
9791157063734,"한국인의 탄생 - 한국사를 넘어선 한국인의 역사, 개정증보판",홍대선 (지은이),메디치미디어,국내도서>인문학>문화/문화이론>한국학/한국문화>한국인과 한국문화,1.0,1245.0
9791167226945,2025 신용한 행정학 합격노트 - 전2권,"신용한, 신용한행정학연구소 (지은이)",메가스터디교육(공무원),국내도서>수험서/자격증>공무원 수험서>7/9급 공무원>행정학>강의노트/기타,1.0,1246.0
9788932924885,카라마조프 씨네 형제들 세트 - 전3권,"표도르 도스토옙스키 (지은이), 이대우 (옮긴이)",열린책들,국내도서>소설/시/희곡>러시아소설,1.0,1247.0
9788965966753,죽음 공부 - 똑바로 볼수록 더 환해지는 삶에 대하여,박광우 (지은이),흐름출판,국내도서>에세이>한국에세이,1.0,1248.0
9791193712825,초예측 트럼프 2.0 새로운 시대 - 세계의 지성 8인이 내다본 트럼프 2.0 시대의 미래,"유발 하라리, 폴 크루그먼, 짐 로저스, 폴 댄스, 이안 브레머, 제프리 삭스, 존 볼턴, 자크 아탈리 (지은이), 오노 가즈모토 (엮은이), 이정미 (옮긴이)",한즈미디어(한스미디어),국내도서>경제경영>경제학/경제일반>경제사/경제전망>세계 경제사/경제전망,1.0,1249.0
9788937473852,치치새가 사는 숲,장진영 (지은이),민음사,국내도서>소설/시/희곡>한국소설>2000년대 이후 한국소설,1.0,1250.0
9788969655028,2025 해커스 한국사능력검정시험(한능검) 2주 합격 심화(1·2·3급) + 빈출주제 TOP 5 요약노트 - 시대흐름잡기 무료 특강&연표 | 데일리 셀프 쪽지 시험｜폰 안에 쏙! 빈출 문화재 퀴즈,해커스 한국사연구소 (지은이),해커스한국사,"국내도서>수험서/자격증>한국사능력검정시험>심화(1,2,3급)",1.0,1251.0
9791170832102,기도하고 싶지 않은 당신에게,"타일러 스테이턴 (지은이), 홍종락 (옮긴이)",복있는사람,국내도서>종교/역학>기독교(개신교)>기독교(개신교) 신앙생활>신앙생활일반,1.0,1252.0
9791194158158,"2025 SO NICE 빨간불,파란불 소방학개론 실전 동형 모의고사 16회 - 전2권",백소나 (지은이),더나은,국내도서>수험서/자격증>공무원 수험서>소방공무원(승진)>소방학개론,1.0,1253.0
9791171830800,"오십에 읽는 맹자 - 굽이치는 인생을 다잡아 주는 2,000년 마음공부",조형권 (지은이),유노북스,국내도서>인문학>동양철학>유교철학/주역>맹자,1.0,1254.0
9788908063242,정지용 시집,정지용 (지은이),범우사,국내도서>소설/시/희곡>시>한국시,1.0,1255.0
9791194280446,얼마나 잘되려고 - 고통을 이겨 내면 극락왕생!,뉴진스님(윤성호) (지은이),더모던,국내도서>자기계발>힐링>마음 다스리기,1.0,1256.0
9791186828359,여기가 “서울” 거기야 - 고지도로 읽는 서울의 역사,이상태 (지은이),역사인,국내도서>역사>문화/역사기행>한국 문화/역사기행,1.0,1257.0
9791161571188,불편한 편의점 (벚꽃 에디션),김호연 (지은이),나무옆의자,국내도서>소설/시/희곡>한국소설>2000년대 이후 한국소설,2.0,1259.0
9791167740984,"도둑맞은 집중력 - 집중력 위기의 시대, 삶의 주도권을 되찾는 법","요한 하리 (지은이), 김하현 (옮긴이)",어크로스,국내도서>인문학>심리학/정신분석학>교양 심리학,2.0,1261.0
9788954650212,세계를 건너 너에게 갈게 - 제8회 문학동네청소년문학상 대상 수상작,이꽃님 (지은이),문학동네,국내도서>청소년>청소년 문학>청소년 소설,2.0,1263.0
9788954681179,밝은 밤,최은영 (지은이),문학동네,국내도서>소설/시/희곡>한국소설>2000년대 이후 한국소설,1.0,1264.0
9791198553317,내 몸 혁명 - 뱃살과 질병 없이 살려면 숫자보다 몸을 바꿔라,박용우 (지은이),루미너스,국내도서>건강/취미>다이어트,2.0,1266.0
9788932034829,"내 여자의 열매 - 2024 노벨문학상 수상작가, 개정판",한강 (지은이),문학과지성사,국내도서>소설/시/희곡>한국소설>2000년대 이후 한국소설,1.0,1267.0
9791193506073,사랑인 줄 알았는데 부정맥 - 노인들의 일상을 유쾌하게 담다,"사단법인 전국유료실버타운협회 포푸라샤 편집부 (지은이), 이지수 (옮긴이)",포레스트북스,국내도서>소설/시/희곡>시>외국시,2.0,1269.0
9791197437304,"백년 허리 1 : 진단편 - 내 허리 통증 해석하기, 개정증보판",정선근 (지은이),언탱글링,국내도서>건강/취미>질병치료와 예방>허리/디스크/척추/통증,1.0,1270.0
9788956605418,월든 - 완결판,"헨리 데이비드 소로 (지은이), 강승영 (옮긴이)",은행나무,국내도서>에세이>외국에세이,1.0,1271.0
9791193869154,알트코인 하이퍼 사이클 - 역사적 상승장이 선사할 압도적 기회,신민철(처리형) (지은이),거인의정원,국내도서>경제경영>재테크/투자>재테크/투자 일반,1.0,1272.0
9788952766984,국가는 왜 실패하는가 (리커버),"대런 애쓰모글루, 제임스 A. 로빈슨 (지은이), 최완규 (옮긴이), 장경덕 (감수)",시공사,국내도서>사회과학>비평/칼럼>정치비평/칼럼,1.0,1273.0
9791192776262,해리 포터와 아즈카반의 죄수 (미나리마 에디션),"J.K. 롤링 (지은이), 미나리마 (그림), 강동혁 (옮긴이)",문학수첩,국내도서>소설/시/희곡>판타지/환상문학>외국판타지/환상소설,1.0,1274.0
9788965425991,해커스 토플 리딩 (Hackers TOEFL Reading) - 2023년 7월 26일 개정 시험 반영 l iBT 토플 리딩 실전모의고사 l 빈출어휘 암기&지문녹음 MP3 l 기본부터 실전까지 4주 완성,David Cho (지은이),해커스어학연구소(Hackers),국내도서>외국어>토플>Reading,1.0,1275.0
9788927712411,JLPT 일본어능력시험 한권으로 끝내기 N1 - 최신 개정판,"이치우, 기타지마 치즈코 (지은이)",다락원,국내도서>외국어>일본어>JLPT>N1,1.0,1276.0
9791169662673,2025 이동기 영어 실전 문법 300제 + 요약 노트 세트 - 전2권 - 공무원 영어의 시작과 끝,(주)이앤미래(대표 이동기) (지은이),에스티유니타스,국내도서>수험서/자격증>공무원 수험서>7/9급 공무원>영어>단어/문법/독해 외,1.0,1277.0
9791196335021,조혜련의 잘 보이는 성경이야기,"조혜련 (지은이), 이정준 (그림), 김병국, 이해원 (감수)",오제이엔터스컴,국내도서>종교/역학>기독교(개신교)>기독교(개신교) 목회/신학>설교/성경연구,1.0,1278.0
9788931477429,COLOR & LIGHT - 일러스트레이터를 위한 색과 빛 마스터 가이드북,"3D토털 퍼블리싱 (지은이), 이수영 (옮긴이)",영진.com(영진닷컴),국내도서>예술/대중문화>미술>미술비평/이론,1.0,1279.0
9791190302265,2025 선재국어 신유형 매일 국어 시즌 1 - 선재국어가 제시하는 매일 학습 전략,이선재 (지은이),수비니겨,국내도서>수험서/자격증>공무원 수험서>7/9급 공무원>국어>기출/문제집/모의고사,1.0,1280.0
9791193712559,길 위의 뇌 - 뇌를 치료하는 의사 러너가 20년 동안 달리면서 알게 된 것들,정세희 (지은이),한즈미디어(한스미디어),국내도서>에세이>한국에세이,1.0,1281.0
9791167701046,무지의 즐거움 - 지적 흥분을 부르는 천진한 어른의 공부 이야기,"우치다 다쓰루 (지은이), 박동섭 (옮긴이)",유유,국내도서>인문학>교양 인문학,1.0,1282.0
9791189328832,부동산 트렌드 2025 - 하버드 박사 김경민 교수의 부동산 투자 리포트,"김경민, 김규석, 이소영, 이보람, 이영민, 정재훈 (지은이)",와이즈맵,국내도서>경제경영>재테크/투자>부동산/경매,1.0,1283.0
9788958283508,오이대왕,"크리스티네 뇌스틀링거 (지은이), 유혜자 (옮긴이)",사계절,국내도서>청소년>청소년 문학>청소년 소설,1.0,1284.0
9791193790403,해리 포터와 마법사의 돌 1 (무선),"J.K. 롤링 (지은이), 강동혁 (옮긴이)",문학수첩,국내도서>소설/시/희곡>판타지/환상문학>외국판타지/환상소설,1.0,1285.0
9791140711703,2025 시나공 정보처리기사 필기 기출문제집 - 핵심요약 PDF + 동영상 강의 + CBT문제은행,"길벗 R&D, 강윤석, 김용갑, 김우경, 김종일 (지은이)",길벗,국내도서>컴퓨터/모바일>활용능력>정보처리기사,1.0,1286.0
9791138377904,"2025 시대에듀 사회조사분석사 2급 1차 필기 한권으로 끝내기 - 변경된 출제기준을 반영한 최신개정판, 2023~2024년 기출복원문제 수록",사회조사분석사 수험연구소 (지은이),시대에듀(시대고시기획),국내도서>수험서/자격증>국가기술자격>경영>사회조사분석사,1.0,1287.0
9791169663601,2025 이동기 영어 하루 프로젝트 : 프로젝트 2. Completion Vol. 1 - 공무원 영어의 시작과 끝,이동기 (지은이),에스티유니타스,국내도서>수험서/자격증>공무원 수험서>7/9급 공무원>영어>기출/문제/모의고사,1.0,1288.0
9788937479854,새벽의 사원,"미시마 유키오 (지은이), 유라주 (옮긴이)",민음사,국내도서>소설/시/희곡>일본소설>1950년대 이후 일본소설,1.0,1289.0
9791136067890,2025 에듀윌 KBS한국어능력시험 12개년 기출분석으로 2주끝장 - 암기편 + 연습편,"신은재, 김지학 (지은이)",에듀윌,국내도서>수험서/자격증>민간자격>KBS한국어능력시험,1.0,1290.0
9791167229410,2025 전한길 한국사 4.0 실전동형 모의고사 SEASON 2,전한길 (지은이),넥스트스터디,국내도서>수험서/자격증>공무원 수험서>7/9급 공무원>한국사>기출/문제집/모의고사,1.0,1291.0
9791192385310,처단,"리 차일드 (지은이), 다니엘 J. (옮긴이)",오픈하우스,국내도서>소설/시/희곡>액션/스릴러소설>외국 액션/스릴러소설,1.0,1292.0
9791162544037,"고전에서 찾은 말의 내공 - 5,000년 시간을 뛰어 넘는 인생 고수들의 대화 전략","린이 (지은이), 송은진 (옮긴이)",비즈니스북스,국내도서>자기계발>성공>성공학,1.0,1293.0
9791190680769,2025 민준호 행정법 실전동형 모의고사 - 최최개사기,민준호 (지은이),호인북스,국내도서>수험서/자격증>공무원 수험서>7/9급 공무원>행정법>기출/문제집/모의고사,1.0,1294.0
9791197960611,성경혁명 - 문자주의와 근본주의를 떨치는 성경독법,김용민 (지은이),평화나무,국내도서>종교/역학>기독교(개신교)>성경의 이해,1.0,1295.0
9791194084099,챗GPT·퍼플렉시티·클로드·코파일럿·제미나이 다 잘함 - 퇴근이 빨라지는 58가지 AI 협업 실전 가이드,이호정 (지은이),리코멘드,국내도서>컴퓨터/모바일>인공지능,1.0,1296.0
9791171713394,"초등 1학년 공부, 책읽기가 전부다 - 최상의 공부머리를 만드는 독서습관의 모든 것",송재환 (지은이),위즈덤하우스,국내도서>좋은부모>교육/학습>독서/작문 교육,1.0,1297.0
9791158513061,강한 사람은 조용히 일하고 소리 없이 이긴다 - 시끄러운 사람들이 넘쳐나는 세상에서 똑똑하게 앞서가는 최고의 전략,"제시카 천 (지은이), 이윤정 (옮긴이)",토네이도,국내도서>자기계발>성공>성공학,1.0,1298.0
9791130604626,이토록 공부가 재미있어지는 순간 (50만 부 기념 우리들 에디션) - 공부에 지친 청소년들을 위한 힐링 에세이,박성혁 (지은이),다산북스,국내도서>청소년>학습법,2.0,1300.0
9791193262122,일류의 조건,"사이토 다카시 (지은이), 정현 (옮긴이)",필름(Feelm),국내도서>자기계발>성공>성공학,2.0,1302.0
9788965423379,해커스 토익 스타트 RC Reading (리딩) 입문서 - 최신기출경향 반영 | 초보를 위한 토익 리딩 입문서 | 기초 문법ㆍ어휘ㆍ독해 4주 완성 [실전모의고사(별책)+ 단어암기장&MP3 제공],David Cho (지은이),해커스어학연구소(Hackers),국내도서>외국어>토익>Reading,1.0,1303.0
9791140710690,인생의 의미 - 삶의 마지막 여정에서 찾은 가슴 벅찬 7가지 깨달음,"토마스 힐란드 에릭센 (지은이), 이영래 (옮긴이)",더퀘스트,국내도서>인문학>교양 인문학,1.0,1304.0
9788954442688,삼체 1~3 세트 - 전3권,"류츠신 (지은이), 이현아, 허유영 (옮긴이)",자음과모음,국내도서>소설/시/희곡>과학소설(SF)>외국 과학소설,1.0,1305.0
9788970638331,지금 알고 있는 걸 그때도 알았더라면 - 잠언 시집,류시화 (엮은이),열림원,국내도서>소설/시/희곡>시>외국시,1.0,1306.0
9791160405750,단 한 사람,최진영 (지은이),한겨레출판,국내도서>소설/시/희곡>한국소설>2000년대 이후 한국소설,1.0,1307.0
9788935656615,예루살렘의 아이히만,"한나 아렌트 (지은이), 김선욱 (옮긴이)",한길사,국내도서>사회과학>사회사상/사회사상사>사회사상/사회사상사 일반,1.0,1308.0
9788901285146,해독 혁명 - 질병 없는 몸을 위한 5단계 독소 해방,닥터 라이블리(최지영) (지은이),웅진지식하우스,국내도서>건강/취미>건강정보>건강에세이/건강정보,2.0,1310.0
9788994006826,한강 : 회복하는 인간 Convalescence - 2024 노벨문학상 수상작가,"한강 (지은이), 전승희 (옮긴이), K. E. 더핀 (감수)",도서출판 아시아,국내도서>소설/시/희곡>한국소설>2000년대 이전 한국소설,1.0,1311.0
9791193937211,머니 트렌드 2025 - 새로운 부의 기회를 선점할 55가지 성공 시나리오,"정태익, 김도윤, 김광석, 김용섭, 김현준, 정수종, 채상욱, 최재붕 (지은이)",북모먼트,국내도서>경제경영>경제학/경제일반>경제사/경제전망>한국 경제사/경제전망,1.0,1312.0
9788954697354,사라진 것들,"앤드루 포터 (지은이), 민은영 (옮긴이)",문학동네,국내도서>소설/시/희곡>영미소설,1.0,1313.0
9791193869130,트럼프와 함께하는 알트코인 대폭등 - 2024-2025 인생 대역전의 기회,강환국 (지은이),거인의정원,국내도서>경제경영>재테크/투자>재테크/투자 일반,1.0,1314.0
9791167550972,당연하게도 나는 너를,이꽃님 (지은이),우리학교,국내도서>청소년>청소년 문학>청소년 소설,1.0,1315.0
9791163034735,"Do it! 점프 투 파이썬 - 중학생도 첫날부터 실습하는 초고속 입문서, 전면 개정 2판",박응용 (지은이),이지스퍼블리싱,국내도서>컴퓨터/모바일>프로그래밍 언어>파이썬,1.0,1316.0
9788937462849,죄와 벌 1,"표도르 도스토옙스키 (지은이), 김연경 (옮긴이)",민음사,국내도서>소설/시/희곡>러시아소설,1.0,1317.0
9791188601387,오늘은 아무래도 덮밥,"이마이 료 (지은이), 이진숙 (옮긴이)",참돌,국내도서>요리/살림>생활요리,1.0,1318.0
9788927712459,JLPT 일본어능력시험 한권으로 끝내기 N5 - 2022 최신 개정판,"이치우, 이한나 (지은이)",다락원,국내도서>외국어>일본어>JLPT>N5,1.0,1319.0
9788965642855,세계 끝의 버섯,"애나 로웬하웁트 칭 (지은이), 노고운 (옮긴이)",현실문화,국내도서>인문학>인류학/고고학>인류학,1.0,1320.0
9791171711956,오백 년째 열다섯 3 - 두 개의 구슬,김혜정 (지은이),위즈덤하우스,국내도서>청소년>청소년 문학>청소년 소설,2.0,1322.0
9788971999080,나의 한국현대사 1959-2020 - 개정증보판,유시민 (지은이),돌베개,국내도서>역사>한국근현대사>한국전쟁 이후~현재,1.0,1323.0
9788954619585,단순한 열정 (먼슬리 클래식),"아니 에르노 (지은이), 최정수 (옮긴이)",문학동네,국내도서>소설/시/희곡>프랑스소설,1.0,1324.0
9791187064572,페미니즘의 도전 (15주년 기념판) - 한국 사회 일상의 성정치학,정희진 (지은이),교양인,국내도서>사회과학>여성학/젠더>여성문제,1.0,1325.0
9788934975137,지구별 인간,"무라타 사야카 (지은이), 최고은 (옮긴이)",비채,국내도서>소설/시/희곡>일본소설>1950년대 이후 일본소설,1.0,1326.0
9791136032942,"2025 에듀윌 KBS한국어능력시험 한권끝장 - 어휘,어법 노트+통합개념+기출동형 문제+실전모의고사","송주연, 김지학, 황혜림 (지은이)",에듀윌,국내도서>수험서/자격증>민간자격>KBS한국어능력시험,1.0,1327.0
9791168127500,오로라 - 들키면 어떻게 되나요?,최진영 (지은이),위즈덤하우스,국내도서>소설/시/희곡>한국소설>2000년대 이후 한국소설,1.0,1328.0
9791141601454,사랑하고 선량하게 잦아드네,유수연 (지은이),문학동네,국내도서>소설/시/희곡>시>한국시,1.0,1329.0
9788953149939,왜 결혼하는가? - 하나님이 설계하신 뜻을 찾다,조정민 (지은이),두란노,국내도서>종교/역학>기독교(개신교)>기독교(개신교) 신앙생활>사랑/결혼,1.0,1330.0
9791198843807,시계토끼 기본 토익스피킹 - 7일 완성 올인원 기본서,Jenny Cha (지은이),시계토끼,국내도서>외국어>토익>토익 Speaking,1.0,1331.0
9791161012278,2025 고종훈 한국사 단원별 기출엄선 800제,고종훈 (지은이),발해북스,국내도서>수험서/자격증>공무원 수험서>7/9급 공무원>한국사>기출/문제집/모의고사,1.0,1332.0
9791194293415,이별하는 방법을 가르쳐줘,"이치조 미사키 (지은이), 김윤경 (옮긴이)",모모,국내도서>소설/시/희곡>일본소설>1950년대 이후 일본소설,1.0,1333.0
9791198984814,한자의 쓸모 - 슬기로운 언어생활자를 위한 한자 교양 사전,박수밀 (지은이),여름의서재,국내도서>인문학>기호학/언어학>한국어/한문,1.0,1334.0
9791169663526,2025 써니 행정법총론 소방 단원별 모의고사,박준철 (지은이),에스티유니타스,국내도서>수험서/자격증>공무원 수험서>소방공무원(승진)>기타 과목,1.0,1335.0
9791192836270,디아스포라 기행 - 추방당한 자의 시선,"서경식 (지은이), 김혜신, 최재혁 (옮긴이)",돌베개,국내도서>인문학>교양 인문학,1.0,1336.0
9788994643885,당신도 부자가 될 수 있다 - 1% 부자들의 12가지 부의 법칙,"로럴 랭마이어 (지은이), 김해온 (옮긴이)",라이온북스,국내도서>경제경영>재테크/투자>재테크/투자 일반,1.0,1337.0
9788963369716,강화약화 매뉴얼 6.0 - 평범한 두뇌를 위한 LEET/PSAT 기본서,이해황 (지은이),법률저널,국내도서>수험서/자격증>PSAT (행정고시)>언어논리,1.0,1338.0
9791192097954,"아이에게 딱 하나만 가르친다면, 자기 조절 - 7세부터 13세까지 성취하는 아이로 성장하게 하는 가장 강력한 무기",김효원 (지은이),웨일북,국내도서>좋은부모>육아>자녀 심리,1.0,1339.0
9791167553157,브릿지,문경민 (지은이),우리학교,국내도서>청소년>청소년 문학>청소년 소설,1.0,1340.0
9791161701912,2025 양박사 응급처치학개론 실전 동형모의고사 - 소방직 경채 시험대비,양정은 (지은이),에듀에프엠,국내도서>수험서/자격증>공무원 수험서>소방공무원(승진)>기타 과목,1.0,1341.0
9788947501354,한경무크 : CES 2025,더밀크 (지은이),한국경제신문,국내도서>경제경영>기업 경영>경영전략/혁신,1.0,1342.0
9788901291703,"우연히, 웨스 앤더슨 : 어드벤처 - 일상의 모든 순간이 모험이 된다","월리 코발, 어맨다 코발 (지은이), 김희진 (옮긴이)",웅진지식하우스,국내도서>예술/대중문화>영화/드라마>영화이야기,1.0,1343.0
9791195124480,"책문, 이 시대가 묻는다",김태완 (지은이),현자의마을,국내도서>역사>조선사>조선문화예술사,1.0,1344.0
9788976414847,정지용 사전,최동호 (지은이),고려대학교출판부,국내도서>대학교재/전문서적>어문학계열>국어국문학>작가론,1.0,1345.0
9788919205013,보도 섀퍼의 돈,"보도 섀퍼 (지은이), 이병서 (옮긴이)",에포케,국내도서>경제경영>재테크/투자>재테크/투자 일반,1.0,1346.0
9791130655017,찬란한 멸종 - 거꾸로 읽는 유쾌한 지구의 역사,이정모 (지은이),다산북스,국내도서>과학>지구과학>지구,1.0,1347.0
9791158511586,우리는 모두 죽는다는 것을 기억하라 (알라딘 단독 리커버),"웨인 다이어 (지은이), 정지현 (옮긴이)",토네이도,국내도서>자기계발>성공>성공학,1.0,1348.0
9791193937198,빛이 이끄는 곳으로,백희성 (지은이),북로망스,국내도서>소설/시/희곡>한국소설>2000년대 이후 한국소설,1.0,1349.0
9791157842636,원칙 Principles (한정판 필사노트 에디션),"레이 달리오 (지은이), 고영태 (옮긴이)",한빛비즈,국내도서>경제경영>기업 경영>경영 일반,1.0,1350.0
9791193401217,"다시, 역사의 쓸모 - 합리적이고 품위 있는 선택을 위한 20가지 지혜",최태성 (지은이),프런트페이지,국내도서>역사>역사학>역사학 일반,2.0,1352.0
9788960908949,나는 세계와 맞지 않지만,진은영 (지은이),마음산책,국내도서>에세이>한국에세이,1.0,1353.0
9788972917038,소유냐 존재냐,"에리히 프롬 (지은이), 차경아 (옮긴이)",까치,국내도서>인문학>서양철학>현대철학>프랑크푸르트학파,1.0,1354.0
9788950950002,설득의 심리학 1 (20주년 기념 개정증보판) - 사람의 마음을 사로잡는 7가지 불변의 원칙,"로버트 치알디니 (지은이), 황혜숙, 임상훈 (옮긴이)",21세기북스,국내도서>자기계발>협상/설득/화술>설득,1.0,1355.0
9791140702343,"주식투자 무작정 따라하기 - 100만 왕초보가 감동한 최고의 주식투자 입문서, 2023년 최신개정판",윤재수 (지은이),길벗,국내도서>경제경영>재테크/투자>주식/펀드,1.0,1356.0
9788931475951,2025 이기적 컴퓨터활용능력 2급 필기 + 실기 올인원 - 최신 출제기준 반영 + 동영상 강의 무료 + CBT 온라인 문제집 제공,"홍태성, 박윤정 (지은이)",영진.com(영진닷컴),국내도서>컴퓨터/모바일>활용능력>컴퓨터활용능력>컴퓨터활용능력 필기,1.0,1357.0
9791162542767,"아티스트 웨이, 마음의 소리를 듣는 시간 - 세상의 모든 소리에 귀 기울여 나를 바꾸는 법","줄리아 캐머런 (지은이), 이상원 (옮긴이)",비즈니스북스,국내도서>자기계발>창의적사고/두뇌계발,1.0,1358.0
9788932043395,소설 보다 : 겨울 2024,"성혜령, 이주혜, 이희주 (지은이)",문학과지성사,국내도서>소설/시/희곡>한국소설>2000년대 이후 한국소설,1.0,1359.0
9791187011750,세계 미스터리 걸작선 01 : 살인자 외,"대실 해밋, 어니스트 헤밍웨이, G. K. 체스터턴, 안나 카타린 그린, L. T. 미드, 로버트 유스터스, R. A. 프리먼, 클리퍼드 핼리팩스 (지은이), 신예용 (옮긴이), 박광규 (기획)",코너스톤,국내도서>소설/시/희곡>추리/미스터리소설>영미 추리/미스터리소설,1.0,1360.0
9788971904770,초역 비트겐슈타인의 말,"루트비히 비트겐슈타인 (지은이), 시라토리 하루히코 (엮은이), 박재현 (옮긴이)",인벤션,국내도서>인문학>서양철학>현대철학>러셀/비트겐슈타인,1.0,1361.0
9791141077761,토마토 컵라면 (스페셜 에디션),차정은 (지은이),부크크(bookk),국내도서>소설/시/희곡>시>한국시,2.0,1363.0
9788968334818,고수의 어휘 사용법 - 세련되게 말하고 쓰게 되는 어휘력 비밀 수업,김선영 (지은이),블랙피쉬,국내도서>인문학>책읽기/글쓰기>글쓰기,1.0,1364.0
9788969655783,2025 해커스 식품안전기사 필기 한권완성 기본이론+기출문제 - 무료 특강ㅣ필기핵심요약노트(PDF)ㅣCBT 모의고사,권유진 (지은이),해커스자격증,국내도서>수험서/자격증>국가기술자격>식품>식품/산업기사,1.0,1365.0
9791173550379,진짜 쉬운 파닉스는 이렇게 배웁니다 - 1년치 학원비 아끼는 기적의 영어 읽기 비법,윤선미(선샤인) (지은이),미다스북스,국내도서>좋은부모>교육/학습>언어/외국어 교육,1.0,1366.0
9788932037738,랭스로 되돌아가다,"디디에 에리봉 (지은이), 이상길 (옮긴이)",문학과지성사,국내도서>사회과학>사회학>사회학 일반,1.0,1367.0
9791194127086,타오,김세화 (지은이),나비클럽,국내도서>소설/시/희곡>추리/미스터리소설>한국 추리/미스터리소설,1.0,1368.0
9791198988867,신광은 형사법 진도별 문제풀이 : 2025년 1차 대비 - 경찰 / 해양 경찰 / 국가직 완벽 정리 (해설 포함),신광은 (지은이),느루(미래인재컴퍼니),국내도서>수험서/자격증>공무원 수험서>경찰공무원(승진)>형법,1.0,1369.0
9791191343793,낭독하는 이솝우화 Book 1 - 새벽달과 현석샘이 함께하는,"새벽달(남수진), 이현석, 롱테일 교육 연구소 (지은이)",롱테일북스,국내도서>외국어>영어듣기/말하기,1.0,1370.0
9791140711697,2025 시나공 컴퓨터활용능력 2급 필기 기출문제집,"길벗 R&D, 강윤석, 김용갑, 김우경, 김종일, 김선길 (지은이)",길벗,국내도서>컴퓨터/모바일>활용능력>컴퓨터활용능력>컴퓨터활용능력 필기,1.0,1371.0
9791172444891,"2025 해커스공무원 매일 하프모의고사 영어 1 24회분 (9급 공무원) - 국가직, 지방직, 법원직, 국회직 등 9급 전 직렬 시험 대비 | 본 교재 인강 | 공무원 영어 무료 특강 | 공무원 보카 어플 | 출제예상 핵심 어휘리스트",해커스 공무원시험연구소 (지은이),해커스공무원,국내도서>수험서/자격증>공무원 수험서>7/9급 공무원>영어>기출/문제/모의고사,1.0,1372.0
9791191842784,지리로 다시 읽는 자본주의 세계사 - 자본주의는 어떻게 이동하며 세계의 미래를 바꿔왔는가?,이동민 (지은이),갈매나무,국내도서>역사>세계사 일반,1.0,1373.0
9791192207476,"2025 심승아 Simple, Detail 소방관계법규 심의 한 수 파이널 모의고사",심승아 (지은이),메가스터디교육(공무원),국내도서>수험서/자격증>공무원 수험서>소방공무원(승진)>소방관계법규,1.0,1374.0
9791186821978,"대한민국 보수는 왜 매국 우파가 되었나? - 해방 이후 우익의 총결산, 뉴라이트 실체 해부",이병권 (지은이),황소걸음,국내도서>사회과학>정치학/외교학/행정학>정치학 일반,1.0,1375.0
9791198559302,히데코의 일본 요리 - HIDEKO’S TABLE vol.1,나카가와 히데코 (지은이),북스레브쿠헨,국내도서>요리/살림>나라별 요리>일본요리,1.0,1376.0
9788938116444,2025 완벽대비 가스기능장 실기 - 동영상 실기시험 대비,서상희 (지은이),동일출판사,국내도서>수험서/자격증>국가기술자격>안전관리>가스기능사/기사/산업기사,1.0,1377.0
9791194278085,향수의 계보학 - 현대 향수의 탄생부터 니치 향수까지,ISP (지은이),파이퍼프레스,국내도서>건강/취미>취미기타>기타,1.0,1378.0
9791194184034,즐거운 어른,이옥선 (지은이),이야기장수,국내도서>에세이>한국에세이,1.0,1379.0
9791198002907,키위엔 영어회화 하루 5분의 기적 - 기초도 3개월이면 회화가 되는 특허 받은 영어 학습법,박강준 (지은이),키위엔,국내도서>외국어>영어회화>생활영어,1.0,1380.0
9788965423386,해커스 토익 스타트 LC Listening (리스닝) 입문서 - 최신기출경향 반영 | 초보를 위한 토익 리스닝 입문서 | 기초 리스닝 4주 완성 [실전모의고사(별책)+단어암기장&MP3 제공],David Cho (지은이),해커스어학연구소(Hackers),국내도서>외국어>토익>Listening,1.0,1381.0
9791158512859,나는 나의 스무 살을 가장 존중한다,이하영 (지은이),토네이도,국내도서>자기계발>성공>성공학,2.0,1383.0
9788997743605,퍼스널 MBA - 10주년 기념 증보판,"조쉬 카우프만 (지은이), 박상진, 이상호 (옮긴이)",진성북스,국내도서>경제경영>기업 경영>경영전략/혁신,1.0,1384.0
9788901289632,김대리의 취향 니트 - 쉽게 뜨고 핏하게 입는 탑다운 뜨개 10,바늘이야기 김대리 (지은이),웅진리빙하우스,국내도서>건강/취미>공예>뜨개질/퀼트/십자수/바느질,1.0,1385.0
9791195026128,삶으로 다시 떠오르기,"에크하르트 톨레 (지은이), 류시화 (옮긴이)",연금술사,국내도서>종교/역학>명상/선,1.0,1386.0
9788960306134,돈은 좋지만 재테크는 겁나는 너에게 - 혼자서는 막막한 20대에게 뿅글이가 알려주는 돈을 다루고 불리는 비밀,뿅글이 (지은이),황금부엉이,국내도서>경제경영>재테크/투자>재테크/투자 일반,1.0,1387.0
9791198340924,에디토리얼 씽킹 - 모든 것이 다 있는 시대의 창조적 사고법,최혜진 (지은이),터틀넥프레스,국내도서>예술/대중문화>예술/대중문화의 이해>미학/예술이론,1.0,1388.0
9788965425052,해커스 토익 실전 1000제 1 RC Reading(리딩) 문제집 - 최신기출유형 100% 반영 [무료 Part 5&6 해설ㅣ온라인 실전모의고사ㅣ무료 동영상강의 제공],해커스어학연구소 (지은이),해커스어학연구소(Hackers),국내도서>외국어>토익>Reading,1.0,1389.0
9791192389998,김재우의 구동사 100 - 100일간의 구동사 마스터 클래스,김재우 (지은이),상상스퀘어,국내도서>외국어>영어회화>생활영어,1.0,1390.0
9791140702503,영어 회화 핵심패턴 233 - 단어만 갈아 끼우면 회화가 튀어 나온다!,백선엽 (지은이),길벗이지톡,국내도서>외국어>영어회화>생활영어,1.0,1391.0
9788962819038,"오픽노잼 - 스크립트 없이 오픽 쌉가능, 개정판",Sam Park(오픽노잼) (지은이),파고다,국내도서>외국어>OPIc/인터뷰 영어>OPIc,1.0,1392.0
9791193166147,"권력과 진보 - 기술과 번영을 둘러싼 천년의 쟁투, 2024 노벨경제학상 수상작가","대런 애쓰모글루, 사이먼 존슨 (지은이), 김승진 (옮긴이)",생각의힘,국내도서>사회과학>사회학>사회학 일반,1.0,1393.0
9791168340947,저주토끼 - 개정판,정보라 (지은이),래빗홀,국내도서>소설/시/희곡>과학소설(SF)>한국 과학소설,1.0,1394.0
9791187297413,법륜 스님의 반야심경 강의,법륜 (지은이),정토출판,국내도서>종교/역학>불교>불교 경전/법문,1.0,1395.0
9791168125803,오백 년째 열다섯 2 - 구슬의 무게,김혜정 (지은이),위즈덤하우스,국내도서>청소년>청소년 문학>청소년 소설,1.0,1396.0
9791187142591,논어 (무삭제 완역본),"공자 (지은이), 소준섭 (옮긴이)",현대지성,국내도서>인문학>동양철학>유교철학/주역>공자/논어,1.0,1397.0
9791192445892,딱 1억만 모읍시다 - 돈쭐남의 목돈 마련 챌린지,김경필 (지은이),경이로움,국내도서>경제경영>재테크/투자>재테크/투자 일반,1.0,1398.0
9791169662963,2025 선재국어 한 권으로 끝장내는 마무리,이선재 (지은이),에스티유니타스,국내도서>수험서/자격증>공무원 수험서>7/9급 공무원>국어>7/9급 기본서 및 부교재,1.0,1399.0
9791190846011,"나는 왜 네 말이 힘들까 - 상대의 말이 듣기 힘들 때 후회되는 말을 했을 때, 꼬인 관계를 풀어주는 연결의 대화 수업",박재연 (지은이),한빛라이프,국내도서>인문학>심리학/정신분석학>교양 심리학,1.0,1400.0
9791191731538,흔들릴 줄 알아야 부러지지 않는다 - 인생의 무게를 반으로 줄이는 마음 수업,김정호 (지은이),달콤북스,국내도서>자기계발>힐링>마음 다스리기,1.0,1401.0
9791187011767,세계 미스터리 걸작선 02 : 모래시계 외,"아서 모리슨, 헤스케스 프리처드, E. P. 버틀러, 로버트 바, M. M. 보드킨, 로드 던세이니, 바로네스 오르치, K. O. 프리처드 (지은이), 이정아 (옮긴이), 박광규 (기획)",코너스톤,국내도서>소설/시/희곡>추리/미스터리소설>영미 추리/미스터리소설,1.0,1402.0
9788947549813,"명화의 발견, 그때 그 사람",성수영 (지은이),한경arte,국내도서>예술/대중문화>미술>미술 이야기,1.0,1403.0
9791194322047,2025 상장 기업 업종 지도 - 주식 투자자를 위한 종목 발굴 내비게이션,박찬일 (지은이),에프엔미디어,국내도서>경제경영>재테크/투자>주식/펀드,1.0,1404.0
9791130661964,돈의 그릇 - 100권의 책에서 찾은 부의 마인드셋,김새해 (지은이),다산북스,국내도서>자기계발>성공>성공학,1.0,1405.0
9788953149434,하나님의 침묵 - 불안의 시대를 뚫고 그분의 마음을 듣다,"헬무트 틸리케 (지은이), 윤종석 (옮긴이)",두란노,국내도서>종교/역학>기독교(개신교)>기독교(개신교) 목회/신학>설교/성경연구,1.0,1406.0
9791193235423,소원을 이루어주는 섬,유영광 (지은이),클레이하우스,국내도서>소설/시/희곡>판타지/환상문학>한국판타지/환상소설,1.0,1407.0
9791138383080,2025 시대에듀 투자자산운용사 한권으로 끝내기 ver 14 - 24년 기본서 개정사항 반영 / 최신 출제경향(19년 ~ 24년 11월 시험) 완벽 반영 / 워밍업! 핵심정리노트 + 핵심유형문제 + 보충문제 + 추가 보충문제 + 최종모의고사 2회분,유창호 (지은이),시대에듀(시대고시기획),국내도서>수험서/자격증>민간자격>투자자산운용사,1.0,1408.0
9791189143282,천 개의 뇌 - 뇌의 새로운 이해 그리고 인류와 기계 지능의 미래,"제프 호킨스 (지은이), 이충호 (옮긴이)",이데아,국내도서>과학>뇌과학>뇌과학 일반,1.0,1409.0
9791191983036,"현진's 펜 들고, 그림일기 - 하루를 기록하는 나만의 방법",박현진 (지은이),북코디,국내도서>건강/취미>취미기타>기타,1.0,1410.0
9788969655769,2025 단기 합격 해커스공기업 NCS 통합 기본서 (필수과목+전략과목+모의고사 5회분) - 한국전력공사·한국철도공사(코레일)·국민건강보험공단·IBK기업은행 등 공사 공단 및 금융권 필기 전형 대비ㅣ본 교재 인강ㅣNCS 필수 암기 노트ㅣ무료 바로 채점 및 성적 분석 서비스,"윤종혁, 김소원, 김태형, 복지훈, 최수지, 김동민, 해커스 취업교육연구소 (지은이)",해커스공기업,국내도서>수험서/자격증>취업/상식/적성>공사 공단 수험서>기타,1.0,1411.0
9791161509143,서아쌤의 토익 비밀과외 - 어디서도 알려준 적 없는 토익 고득점 비밀과외,"최서아, 시원스쿨어학연구소 (지은이)",시원스쿨LAB,국내도서>외국어>토익>실전,1.0,1412.0
9791191343809,낭독하는 이솝우화 Book 2 - 새벽달과 현석샘이 함께하는,"새벽달(남수진), 이현석, 롱테일 교육 연구소 (지은이)",롱테일북스,국내도서>외국어>영어듣기/말하기,1.0,1413.0
9791191343991,낭독하는 이솝우화 Book 3 - 새벽달과 현석샘이 함께하는,"새벽달(남수진), 이현석, 롱테일 교육 연구소 (지은이)",롱테일북스,국내도서>외국어>영어듣기/말하기,1.0,1414.0
9791194285038,사람을 남기는 사람 - 삶을 재구성하는 관계의 법칙,정지우 (지은이),마름모,국내도서>에세이>한국에세이,1.0,1415.0
9791194158165,"2025 SO NICE 빨간불,파란불 소방관계법규 실전동형 모의고사 16회 - 공채,경채통합용",백소나 (지은이),더나은,국내도서>수험서/자격증>공무원 수험서>소방공무원(승진)>소방관계법규,1.0,1416.0
9791198923202,고요의 힘 - 나를 바꾸는 5분의 기적,"틱낫한 (지은이), 위소영 (옮긴이)",소수,국내도서>에세이>명상에세이,1.0,1417.0
9791193937402,삶의 태도 - 흔들림 없이 나아가는,반건호 (지은이),북플레저,국내도서>인문학>인문 에세이,1.0,1418.0
9791167141033,행복한 커플은 어떻게 싸우는가 - 세계적인 심리학자 존&줄리 가트맨 박사의 관계 심리학,"존 가트맨, 줄리 슈워츠 가트맨 (지은이), 정미나 (옮긴이), 최성애 (감수)",해냄,국내도서>요리/살림>결혼/가족>결혼생활,1.0,1419.0
9791167229069,2025 신용한 행정학 실전과 가장 유사한 국가직 9급 모의고사,"신용한, 신용한행정학연구소 (지은이)",메가스터디교육(공무원),국내도서>수험서/자격증>공무원 수험서>7/9급 공무원>행정학>기출/문제집/모의고사,1.0,1420.0
9791172447229,2025 해커스공무원 신민숙 쉬운국어 20일 완성 모의고사 (9급 공무원) - 국가직·지방직 등 9급 전 직렬 시험 대비ㅣ본 교재 인강ㅣ공무원 국어 무료 특강ㅣ해커스 매일국어 어플ㅣ2025 출제 기조 변화 완벽 반영!,신민숙 (지은이),해커스공무원,국내도서>수험서/자격증>공무원 수험서>7/9급 공무원>국어>기출/문제집/모의고사,1.0,1421.0
9791130321998,철도교통안전관리자 10일 완성 기출문제집 - 제3판,황승순 (지은이),박영사,국내도서>수험서/자격증>국가전문자격>교통안전관리자,1.0,1422.0
9791172109011,시간관리의 정석 - 시간을 낭비하지 않는 사람들,"오스기 준 (지은이), 최지현 (옮긴이)",동양북스(동양문고),국내도서>자기계발>시간관리/정보관리>시간관리,1.0,1423.0
9791192327976,"2026 임수진 보건임용 2 - 초,중등 보건교사 임용고시 임용 수험생을 위한 진심을 담은 강의",임수진 (지은이),BTB Books,국내도서>수험서/자격증>공무원 수험서>교원임용시험>보건/사서/상담교사,1.0,1424.0
9788932405384,목련구모권선희문 - 상,"정지진 (지은이), 이정재 (옮긴이)",을유문화사,국내도서>소설/시/희곡>중국소설,1.0,1425.0
9788953149960,기도를 의심하다 - 노진준 목사의 믿고 듣는 기도 강의,노진준 (지은이),두란노,국내도서>종교/역학>기독교(개신교)>기독교(개신교) 신앙생활>예배/기도/묵상(QT),1.0,1426.0
9788956609959,종의 기원,정유정 (지은이),은행나무,국내도서>소설/시/희곡>한국소설>2000년대 이후 한국소설,1.0,1427.0
9788925588735,프로젝트 헤일메리,"앤디 위어 (지은이), 강동혁 (옮긴이)",알에이치코리아(RHK),국내도서>소설/시/희곡>과학소설(SF)>외국 과학소설,1.0,1428.0
9791190174756,"칵테일, 러브, 좀비 (리커버)",조예은 (지은이),안전가옥,국내도서>소설/시/희곡>판타지/환상문학>한국판타지/환상소설,1.0,1429.0
9791195795529,삐뽀삐뽀 119 이유식 - 소아청소년과 전문의 하정훈이 전하는 건강한 아가 밥상,하정훈 (지은이),유니책방,국내도서>좋은부모>육아>성장/발달,1.0,1430.0
9791192836355,"가난한 아이들은 어떻게 어른이 되는가 - 빈곤과 청소년, 10년의 기록",강지나 (지은이),돌베개,국내도서>사회과학>사회문제>빈곤/불평등문제,1.0,1431.0
9791198752444,"침묵을 배우는 시간 - 말이 넘쳐나는 세상 속, 더욱 빛을 발하는 침묵의 품격","코르넬리아 토프 (지은이), 장혜경 (옮긴이)",서교책방,국내도서>자기계발>협상/설득/화술>화술,1.0,1432.0
9791159920967,"랩 걸 - 나무, 과학 그리고 사랑","호프 자런 (지은이), 김희정 (옮긴이)",알마,국내도서>과학>기초과학/교양과학,1.0,1433.0
9788965423300,해커스 토익 왕기초 RC Reading (리딩) - 최신기출경향 반영ㅣ토익 초보 토린이를 위한 토익 첫걸음,해커스어학연구소 (지은이),해커스어학연구소(Hackers),국내도서>외국어>토익>Reading,1.0,1434.0
9791197831744,창조적 행위 : 존재의 방식,"릭 루빈 (지은이), 정지현 (옮긴이)",코쿤북스,국내도서>예술/대중문화>예술/대중문화의 이해>미학/예술이론,1.0,1435.0
9791189856502,쓸 만한 인간 - 개정증보판,박정민 (지은이),상상출판,국내도서>에세이>명사에세이>방송연예인에세이,1.0,1436.0
9788935703111,리얼리티 트랜서핑 2 - 성공의 물결로 갈아타는 선택의 비밀,"바딤 젤란드 (지은이), 박인수 (옮긴이)",정신세계사,국내도서>자기계발>성공>성공학,1.0,1437.0
9788947547567,제로 투 원 (리커버) - 스탠퍼드대학교 스타트업 최고 명강의,"피터 틸, 블레이크 매스터스 (지은이), 이지연 (옮긴이)",한국경제신문,국내도서>경제경영>창업/취업/은퇴>벤처/스타트업/인터넷창업,1.0,1438.0
9788935669738,나의 눈부신 친구 (리커버 특별판),"엘레나 페란테 (지은이), 김지우 (옮긴이)",한길사,국내도서>소설/시/희곡>세계의 소설>이탈리아소설,1.0,1439.0
9791193379417,아이에게 들려주는 부모의 예쁜 말 필사노트,김종원 (지은이),상상아이(상상아카데미),국내도서>좋은부모>부모교육,1.0,1440.0
9791169084178,B주류경제학 - 취향으로 읽는 요즘 경제,"이재용, 토스 (지은이)",오리지널스,국내도서>경제경영>마케팅/세일즈>광고/홍보/PR,1.0,1441.0
9791166833045,나혼자 끝내는 독학 일본어 첫걸음 - 최신 증보판,넥서스콘텐츠개발팀 (지은이),넥서스Japanese,국내도서>외국어>일본어>일본어 첫걸음,1.0,1442.0
9788932475233,"괴물들 - 숭배와 혐오, 우리 모두의 딜레마","클레어 데더러 (지은이), 노지양 (옮긴이)",을유문화사,국내도서>인문학>인문 에세이,1.0,1443.0
9791167226815,2025 신용한 행정학 최근 10년 단원별 기출문제집 - 전2권,"신용한, 신용한행정학연구소 (지은이)",메가스터디교육(공무원),국내도서>수험서/자격증>공무원 수험서>7/9급 공무원>행정학>기출/문제집/모의고사,1.0,1444.0
9791159201172,칼 융 레드 북,"칼 구스타프 융 (지은이), 김세영, 정명진 (옮긴이)",부글북스,국내도서>인문학>심리학/정신분석학>융,1.0,1445.0
9788969525963,"기적의 항암 식단 - 전이, 재발을 막는 건강 식단","김훈하, 김정은 (지은이)",경향BP,국내도서>요리/살림>건강요리,1.0,1446.0
9791155817773,어딘가엔 나의 서점이 있다,"마리야 이바시키나 (지은이), 벨랴코프 일리야 (옮긴이)",윌북,국내도서>에세이>사진/그림 에세이,1.0,1447.0
9791140710997,2025 시나공 컴퓨터활용능력 2급 필기 기본서 - 최신 기출문제집 + 동영상 강의,"길벗 R&D, 강윤석, 김용갑, 김우경, 김종일 (지은이)",길벗,국내도서>컴퓨터/모바일>활용능력>컴퓨터활용능력>컴퓨터활용능력 필기,1.0,1448.0
9791187297789,인생수업,"법륜 (지은이), 이순형 (그림)",정토출판,국내도서>종교/역학>불교>불교명상/수행,1.0,1449.0
9791162543993,무조건 나부터 생각할 것 - 상처받고 후회하는 관계에 익숙한 당신을 위한 심리 처방 45,"후지노 토모야 (지은이), 곽현아 (옮긴이)",비즈니스북스,국내도서>자기계발>성공>성공학,1.0,1450.0
9791167229694,2025 전한길 한국사 4.0 실전동형 모의고사 SEASON 1,전한길 (지은이),메가스터디교육(공무원),국내도서>수험서/자격증>공무원 수험서>7/9급 공무원>한국사>기출/문제집/모의고사,1.0,1451.0
9791194276555,존재의 역사 - 우주에서 우리로 이어지는 138억 년의 거대사,"팀 콜슨 (지은이), 이진구 (옮긴이)",오픈도어북스,국내도서>과학>기초과학/교양과학,1.0,1452.0
9791193217788,맥킨지의 전략적 프레임 - 경영 전략의 본질을 꿰뚫는 컨설팅 프레임워크,"오시마 사치요 (지은이), 강모희 (옮긴이)",유엑스리뷰,국내도서>자기계발>성공>성공학,1.0,1453.0
9788941250326,[색상랜덤] 새한글성경 NKT73 - 중(中).단본.무색인 - 하드커버.카나파.랩핑,대한성서공회 성경 편집팀 (엮은이),대한성서공회,국내도서>종교/역학>기독교(개신교)>성경/찬송가>한글성경>개역한글판,1.0,1454.0
9791164052936,"우리는 어떻게 움직이는가 - 근육의 해부학에서 피트니스까지, 삶을 지탱하는 근육의 모든 것","로이 밀스 (지은이), 고현석 (옮긴이)",해나무,국내도서>과학>기초과학/교양과학,1.0,1455.0
9791138385763,2025 시대에듀 투자자산운용사 실제유형 모의고사 + 특별부록 PASSCODE Premium ver 8.0 - 24년 기본서 개정사항 및 기출분석(19년 ~ 23년 + 24년 11월 시험) 완벽 반영 / 프리미엄 강의노트(2회분) / 특별부록Ⅰ 빈출포인트 O/X퀴즈 + Ⅱ 실제유형문제 추가 풀(100문항),유창호 (지은이),시대에듀(시대고시기획),국내도서>수험서/자격증>민간자격>투자자산운용사,1.0,1456.0
9791172444280,2025 해커스공무원 신민숙 쉬운국어 논리 강화 150제 (9급 공무원) - 국가직·지방직 등 9급 전 직렬 시험 대비ㅣ본 교재 인강ㅣ공무원 국어 무료 특강ㅣ해커스 매일국어 어플,신민숙 (지은이),해커스공무원,국내도서>수험서/자격증>공무원 수험서>7/9급 공무원>국어>기출/문제집/모의고사,1.0,1457.0
9791191731699,혼자가 편한 게 아니라 상처받기 싫은 거였다 - 관계에 지친 나를 보듬어주는 치유의 심리학,하정희 (지은이),한밤의책,국내도서>자기계발>힐링>마음 다스리기,1.0,1458.0
9791140711710,세상은 신화로 만들어졌다 - 오늘날까지 인류의 사고를 지배하는 강력한 8가지 테마,"리처드 벅스턴 (지은이), 배다인 (옮긴이)",더퀘스트,국내도서>인문학>신화/종교학>신화 이야기,1.0,1459.0
9791191716368,증명과 변명 - 죽음을 계획한 어느 청년 남성이 남기는 질문들,안희제 (지은이),다다서재,국내도서>사회과학>사회문제>사회문제 일반,1.0,1460.0
9788964374726,멍게의 맛 - 두 딸을 키우며 생각한 것들,임지영 (지은이),후마니타스,국내도서>에세이>한국에세이,1.0,1461.0
9791198545350,대치동 수학 고민 상담소 - 수학을 유난히 어려워하는 아이들을 위한 공부 전략,김현정 (지은이),브리드북스,국내도서>좋은부모>교육/학습>수학/과학 교육,1.0,1462.0
9791162052563,2025 심우철 하프 모의고사 Season 4 - This is TRENDY HALF!,심우철 (지은이),심슨북스,국내도서>수험서/자격증>공무원 수험서>7/9급 공무원>영어>기출/문제/모의고사,1.0,1463.0
9791198766502,2025 이윤탁 형사소송법 핵심지문 총정리,이윤탁 (지은이),가온에듀,국내도서>수험서/자격증>공무원 수험서>7/9급 공무원>법학>형사소송법,1.0,1464.0
9791198994202,사주 인사이트 - 사주는 내 삶 속에서 어떻게 작동하는가,하나사주 (지은이),혜윰터,국내도서>인문학>동양철학>동양철학 일반,1.0,1465.0
9788901286242,"세상은 고통이다 하지만 당신은 고통보다 강하다 - 마음을 다스리는 마스터, 필 스터츠의 내면 강화","필 스터츠, 배리 미첼스 (지은이), 이수경 (옮긴이)",웅진지식하우스,국내도서>자기계발>성공>성공학,1.0,1466.0
9791167500793,지옥의 메커니컬 베이스 트레이닝 : 입대편,마사키 (지은이),서울음악출판사(SRMUSIC),국내도서>예술/대중문화>음악>악보/작곡>기타/베이스,1.0,1467.0
9791192327983,2026 임수진 보건임용 기본이론 복습노트 2,임수진 (지은이),BTB Books,국내도서>수험서/자격증>공무원 수험서>교원임용시험>보건/사서/상담교사,1.0,1468.0
9791170611561,당신이 누군가를 죽였다,"히가시노 게이고 (지은이), 최고은 (옮긴이)",북다,국내도서>소설/시/희곡>추리/미스터리소설>일본 추리/미스터리소설,2.0,1470.0
9788949123554,기억 전달자 - 30만 부 기념 개정판,"로이스 로리 (지은이), 장은수 (옮긴이)",비룡소,국내도서>청소년>청소년 문학>청소년 소설,1.0,1471.0
9791161571379,불편한 편의점 2 (단풍 에디션),김호연 (지은이),나무옆의자,국내도서>소설/시/희곡>한국소설>2000년대 이후 한국소설,2.0,1473.0
9791140707492,처음부터 시작하는 주식투자 단타전략 - 15만 원으로 10억 만든 실전투자대회 1위 수상자의 필승 트레이딩 공식,홍인기 (지은이),길벗,국내도서>경제경영>재테크/투자>주식/펀드,1.0,1474.0
9788954694575,여름을 한 입 베어 물었더니,이꽃님 (지은이),문학동네,국내도서>청소년>청소년 문학>청소년 소설,2.0,1476.0
9791192625300,이은경쌤의 초등어휘일력 365 (스프링) - 국어 문학 속 어휘 완전정복!,이은경 (지은이),포레스트북스,국내도서>좋은부모>교육/학습>독서/작문 교육,2.0,1478.0
9791196834005,백년운동 - 척추.관절 아프지 않게 100세까지 운동하는 방법,정선근 (지은이),아티잔,국내도서>건강/취미>질병치료와 예방>허리/디스크/척추/통증,1.0,1479.0
9788954605816,눈물상자 - 2024 노벨문학상 수상작가,"한강 (지은이), 봄로야 (그림)",문학동네,국내도서>소설/시/희곡>한국소설>2000년대 이후 한국소설,1.0,1480.0
9788970123691,상실의 시대,"무라카미 하루키 (지은이), 유유정 (옮긴이)",문학사상사,국내도서>소설/시/희곡>일본소설>1950년대 이후 일본소설,1.0,1481.0
9791171170418,일론 머스크,"월터 아이작슨 (지은이), 안진환 (옮긴이)",21세기북스,국내도서>경제경영>기업/경영자 스토리>국외 기업/경영자,1.0,1482.0
9791158510244,5년 후 나에게 - Q&A a day (Sandglass Edition),"포터 스타일 (지은이), 정지현 (옮긴이)",토네이도,국내도서>자기계발>시간관리/정보관리>시간관리,1.0,1483.0
9791192512419,최강록의 요리 노트,최강록 (지은이),클,국내도서>요리/살림>생활요리,1.0,1484.0
9791161507200,"NEW 미꽃체 손글씨 노트 - 손글씨를 인쇄된 폰트처럼, 개정증보판",최현미 (지은이),시원북스,국내도서>건강/취미>글씨 쓰기,1.0,1485.0
9788957821305,"현명한 투자자 - 벤저민 그레이엄 직접 쓴 마지막 개정판, 개정4판","벤저민 그레이엄 (지은이), 이건 (옮긴이), 신진오 (감수)",국일증권경제연구소,국내도서>경제경영>재테크/투자>주식/펀드,1.0,1486.0
9788937460944,차라투스트라는 이렇게 말했다,"프리드리히 니체 (지은이), 장희창 (옮긴이)",민음사,국내도서>인문학>서양철학>현대철학>프리드리히 니체,1.0,1487.0
9791193528129,"질병 해방 - 치매, 암, 당뇨, 심장병과 노화를 피하고 건강하게 오래 사는 법","피터 아티아, 빌 기퍼드 (지은이), 이한음 (옮긴이)",부키,국내도서>인문학>교양 인문학,1.0,1488.0
9791168342286,그거 사전 - 대체로 즐겁고 가끔은 지적이며 때로는 유머러스한 사물들의 이야기,홍성윤 (지은이),인플루엔셜(주),국내도서>인문학>교양 인문학,1.0,1489.0
9791187297239,지금 이대로 좋다 (20만 부 기념 리커버 에디션) - 자유롭고 행복하고 싶은 이들에게 전하는 법륜 스님의 희망편지,"법륜 (지은이), 박정은 (그림)",정토출판,국내도서>에세이>명사에세이>기타 명사에세이,1.0,1490.0
9788954637954,전쟁은 여자의 얼굴을 하지 않았다,"스베틀라나 알렉시예비치 (지은이), 박은정 (옮긴이)",문학동네,국내도서>에세이>외국에세이,1.0,1491.0
9791160183863,"2025 신경향 이동기 공무원 VOCA - 공무원 영어 VOCA APP 이용쿠폰 및 단어 암기용 가림판 수록, 온라인 동영상 강의 무료 제공",이동기 (지은이),지금(도서출판),국내도서>수험서/자격증>공무원 수험서>7/9급 공무원>영어>단어/문법/독해 외,2.0,1493.0
9788965423294,해커스 토익 왕기초 LC Listening (리스닝) - 최신기출경향 반영｜토익 초보 토린이를 위한 토익 첫걸음,해커스어학연구소 (지은이),해커스어학연구소(Hackers),국내도서>외국어>토익>Listening,1.0,1494.0
9791141601102,사랑과 결함,예소연 (지은이),문학동네,국내도서>소설/시/희곡>한국소설>2000년대 이후 한국소설,1.0,1495.0
9788934944188,사피엔스 : 그래픽 히스토리 Vol.2 - 문명의 기둥,"유발 하라리 (원작), 다니엘 카사나브 (그림), 김명주 (옮긴이), 다비드 반데르묄렝 (각색)",김영사,국내도서>인문학>교양 인문학,1.0,1496.0
9791193394342,이동 평균선 투자법 - 차트 분석의 시작과 끝은 이동 평균선이다,"고지로 강사 (지은이), 김정환 (옮긴이)",이레미디어,국내도서>경제경영>재테크/투자>주식/펀드,2.0,1498.0
9791168222724,뿐이 토핑 이유식 - 최신 이유식 지침을 반영한 세상 쉽고 맛있는 레시피 253,"정주희 (지은이), 이수진 (감수)",서사원,국내도서>요리/살림>이유식,2.0,1500.0
9788965424642,"해커스 JLPT(일본어능력시험)기출단어장 N5-N3 - 주제별 연상 암기로 쉽고 빠르게! 단어·예문 MP3, 무료 Day별 단어 퀴즈 & 연습문제 해석, 오십음도 순 인덱스",해커스JLPT연구소 (지은이),해커스어학연구소(Hackers),국내도서>외국어>일본어>JLPT>N5,1.0,1501.0
9788934935735,사피엔스 : 그래픽 히스토리 Vol.3 - 역사의 배후,"유발 하라리 (원작), 다니엘 카사나브 (그림), 김명주 (옮긴이), 다비드 반데르묄렝 (각색)",김영사,국내도서>인문학>교양 인문학,1.0,1502.0
9788965426103,"해커스 토플 리딩 인터미디엇 (Hackers TOEFL Reading Intermediate) : 2023년 7월 26일 개정 시험 완벽 반영, 개정증보판 - iBT 리딩 실전모의고사, 지문녹음&단어암기 MP3, 토플 중급독해 4주완성",David Cho (지은이),해커스어학연구소(Hackers),국내도서>외국어>토플>Reading,1.0,1503.0
9791190276023,"일의 격 - 성장하는 나, 성공하는 조직, 성숙한 삶",신수정 (지은이),턴어라운드,국내도서>경제경영>기업 경영>경영 일반,1.0,1504.0
9791193080412,365 느리게 나이 드는 습관 일력 (스프링),정희원 (지은이),한빛라이프,국내도서>건강/취미>건강정보>건강에세이/건강정보,1.0,1505.0
9788965426011,"해커스 토플 라이팅 (Hackers TOEFL Writing) : 2023년 7월 26일 개정 시험 완벽 반영, 개정증보판 - 기출 경향을 반영한 토론형 30문제의 Model Essay 수록, iBT 라이팅 실전모의고사 + 통합형 문제학습 MP3 제공",David Cho (지은이),해커스어학연구소(Hackers),국내도서>외국어>토플>Writing,1.0,1506.0
9791169662680,2025 이동기 영어 실전 어휘 & 생활영어 200제 - 공무원 영어의 시작과 끝,(주)이앤미래(대표 이동기) (지은이),에스티유니타스,국내도서>수험서/자격증>공무원 수험서>7/9급 공무원>영어>단어/문법/독해 외,1.0,1507.0
9791198754004,어른의 기분 관리법 - 감정에 휘둘려 손해 봤던 어른을 위한 조언,"손힘찬, 이영탁, 이현정, 승PD, 박은주, 아이릿, 이주희, 김영미, 이민영 (지은이)",어센딩,국내도서>에세이>한국에세이,1.0,1508.0
9791199031913,폴리스 마마,한지승 (지은이),스토리가든,국내도서>소설/시/희곡>한국소설>2000년대 이후 한국소설,1.0,1509.0
9791191247114,어떻게 지내요,"시그리드 누네즈 (지은이), 정소영 (옮긴이)",엘리,국내도서>소설/시/희곡>영미소설,1.0,1510.0
9791167227386,2025 유휘운 행정법총론 진도별 기출문제집(진출) - 전3권,유휘운 (지은이),메가스터디교육(공무원),국내도서>수험서/자격증>공무원 수험서>7/9급 공무원>행정법>기출/문제집/모의고사,1.0,1511.0
9791192953236,"내전, 대중 혐오, 법치 - 신자유주의는 어떻게 지배하는가","피에르 다르도, 크리스티앙 라발, 피에르 소베트르, 오 게강 (지은이), 정기헌 (옮긴이), 장석준 (해제)",원더박스,국내도서>사회과학>사회사상/사회사상사>사회사상/사회사상사 일반,1.0,1512.0
9791191343984,Holes 홀스 (영어원서 + 워크북 + 음원 QR코드) - 개정판,"루이스 새커 (지은이), 김보경, 이제원, 매건 맨리 (감수)",롱테일북스,국내도서>외국어>영어독해,1.0,1513.0
9791198988843,신광은 1개년 최신판례 선택형 OX : 형사법/형법/형사소송법 [최신판례] - 경찰채용·승진·간부/해경채용·승진·간부/법원직·검찰직·변시 [최신판례],신광은 (지은이),느루(미래인재컴퍼니),국내도서>수험서/자격증>공무원 수험서>경찰공무원(승진)>형법,1.0,1514.0
9791172100827,하루 5분 용기를 주는 일본어 필사,"@everyday.meigen (지은이), 서인 (옮긴이)",동양북스(동양문고),국내도서>외국어>일본어>일본어 독해/작문/쓰기,1.0,1515.0
9791193358825,노트북,"니컬러스 스파크스 (지은이), 박설영 (옮긴이)",모모,국내도서>소설/시/희곡>로맨스소설>외국 로맨스소설,1.0,1516.0
9791191378641,SKY 입시생 중등 필독서 - 상위 1%로 이끌어주는 문학·비문학 독해력,"박은선, 배혜림 (지은이)",체인지업,국내도서>청소년>학습법,1.0,1517.0
9788979294408,"컬러 앤 라이트 - 사실적인 표현을 위한 빛과 색 그리는 법, 개정판","제임스 거니 (지은이), 김지혜 (옮긴이)",잉크잼(잼스푼),국내도서>예술/대중문화>미술>미술비평/이론,1.0,1518.0
9791160079029,초보 마녀와 견습 마법사를 위한 필수 지침서,"프란체스카 마테오니 (지은이), 엘리사 마첼라리 (그림), 박유진 (옮긴이)",한즈미디어(한스미디어),국내도서>예술/대중문화>미술>화집,1.0,1519.0
9791130652733,더 피아트 스탠다드 - 금과 달러부터 암호화폐까지 부의 가장 확실한 미래,"사이페딘 아모스 (지은이), 임경은 (옮긴이)",다산북스,국내도서>경제경영>재테크/투자>가상/암호화폐,1.0,1520.0
9791194513025,자본을 읽자,"루이 알튀세르, 에티엔 발리바르, 로제 에스타블레, 피에르 마슈레, 자크 랑시에르 (지은이), 배세진, 김은주, 안준범, 진태원 (옮긴이), 진태원 (해제)",그린비,국내도서>인문학>철학 일반>교양 철학,1.0,1521.0
9791164712779,가짜 건강의 유혹,빅데이터닥터 (지은이),행성B(행성비),국내도서>인문학>교양 인문학,1.0,1522.0
9791190216524,밤호수의 에세이 클럽 - 진짜 내 이야기로 에세이 쓰기,임수진(밤호수) (지은이),엑스북스(xbooks),국내도서>인문학>교양 인문학,1.0,1523.0
9791189723361,철학의 은유들,"페드로 알칼데, 멀린 알칼데 (지은이), 기욤 티오 (그림), 주하선 (옮긴이)",단추,국내도서>인문학>철학 일반>교양 철학,1.0,1524.0
9788985392020,2025 신춘문예 당선시집,"안수현, 이문희, 장희수, 노은, 김용희, 이희수, 백아온, 최경민, 이수빈, 박연, 류한월, 박락균, 한승남 (지은이)",문학마을,국내도서>소설/시/희곡>시>한국시,1.0,1525.0
9788931477092,2025 이기적 정보처리기능사 실기 기본서,임승현 (지은이),영진.com(영진닷컴),국내도서>컴퓨터/모바일>활용능력>정보처리기능사,1.0,1526.0
9791173550683,자기주도로 스탠퍼드 가는 아이 키우기 - 명문대 합격을 이끄는 엄마표 실전 교육 플랜,강지연 (지은이),미다스북스,국내도서>좋은부모>교육/학습>학교/학습법,1.0,1527.0
9791193078426,현실 온라인 게임,김동식 (지은이),허블,국내도서>소설/시/희곡>판타지/환상문학>한국판타지/환상소설,1.0,1528.0
9791138432948,마녀와 용병 2 - S Novel+,"초호키테키 카에루 (지은이), 카나세 벤치 (그림), 정대식 (옮긴이)",㈜소미미디어,국내도서>소설/시/희곡>라이트 노벨>S 노벨,1.0,1529.0
9791194330639,"도덕적인 AI - 딥페이크부터 로봇 의사까지, 인공지능 윤리를 위한 일곱 가지 물음","월터 시넛 암스트롱, 재나 셰익 보그, 빈센트 코니처 (지은이), 박초월 (옮긴이)",김영사,국내도서>과학>기초과학/교양과학,1.0,1530.0
9791198896902,네 칼이 센가 내 칼이 센가,김삼웅 (지은이),달빛서가,국내도서>소설/시/희곡>한국소설>2000년대 이후 한국소설,1.0,1531.0
9788972918653,"천사들의 엄격함 - 보르헤스, 하이젠베르크, 칸트 그리고 실재의 궁극적 본질","윌리엄 에긴턴 (지은이), 김한영 (옮긴이)",까치,국내도서>인문학>철학 일반>교양 철학,1.0,1532.0
9791157280292,꽃을 보듯 너를 본다,나태주 (지은이),지혜,국내도서>소설/시/희곡>시>한국시,2.0,1534.0
9791198933201,압수수색,"김용진, 한상진, 봉지욱 (지은이)",뉴스타파,국내도서>사회과학>언론/미디어>언론학/미디어론,1.0,1535.0
9791193080146,느리게 나이 드는 습관 - 노년내과 의사가 알려주는 감속노화 실천법,정희원 (지은이),한빛라이프,국내도서>건강/취미>건강정보>건강에세이/건강정보,2.0,1537.0
9791160262780,파이 이야기 - 개정판,"얀 마텔 (지은이), 공경희 (옮긴이)",작가정신,국내도서>소설/시/희곡>세계의 소설>기타 국가 소설,1.0,1538.0
9788994553092,"보카바이블 (VOCA Bible) 4.0 (A권 + B권) - 공무원, 편입, 토플, 텝스, SAT, GRE 대비",허민 (지은이),스텝업,국내도서>외국어>영어어휘,1.0,1539.0
9788936434120,소년이 온다,한강,창비,소설,17.0,1556.0
9788936434595,채식주의자,한강,창비,소설,20.0,1576.0
9788954682152,작별하지 않는다,한강,문학동네,소설,16.0,1592.0
9788959897223,트렌드 코리아 2025,김난도 외,미래의창,경제/경영,9.0,1601.0
9788954651134,흰,한강,문학동네,소설,7.0,1608.0
9788932024639,서랍에 저녁을 넣어 두었다,한강,문학과지성사,시/에세이,7.0,1615.0
9791169851053,어른의 행복은 조용하다,태수,페이지2북스,시/에세이,6.0,1621.0
9788998441012,모순,양귀자,쓰다,소설,59.0,1680.0
9791198987600,트럼프 2.0 시대,박종훈,글로퍼스,경제/경영,5.0,1685.0
9791141601591,한강 스페셜 에디션,한강,문학동네,소설,2.0,1687.0
9788954616515,희랍어 시간,한강,문학동네,소설,7.0,1694.0
9791194330424,넥서스,유발 하라리,김영사,인문,7.0,1701.0
9791193383193,일의 감각,조수용,REFERENCE BY B,자기계발,5.0,1706.0
9791198854315,퓨처 셀프 30만 부 기념 스페셜 에디션,벤저민 하디,상상스퀘어,자기계발,7.0,1713.0
9788937473401,급류,정대건,민음사,소설,10.0,1723.0
9791130642574,작은 땅의 야수들(리커버 무선판),김주혜,다산책방,소설,7.0,1730.0
9791192097978,지적 대화를 위한 넓고 얕은 지식 무한,채사장,웨일북(whalebooks),인문,3.0,1733.0
9791130646381,이처럼 사소한 것들,클레어 키건,다산책방,소설,27.0,1760.0
9791193939130,고전이 답했다 마땅히 살아야 할 삶에 대하여(나만의 책 만들기 에디션),고명환,라곰,자기계발,11.0,1771.0
9791193262290,린치핀,세스 고딘,필름(Feelm),자기계발,5.0,1776.0
9791171711673,하루 한 장 나의 어휘력을 위한 필사 노트,유선경,위즈덤하우스,인문,18.0,1794.0
9791198013088,김미경의 딥마인드,김미경,어웨이크북스,자기계발,5.0,1799.0
9791193869130,트럼프와 함께하는 알트코인 대폭등,강환국,거인의정원,경제/경영,4.0,1803.0
9788965422785,해커스 토익 기출 VOCA(보카),David Cho,해커스어학연구소,외국어,71.0,1874.0
9791191056372,돈의 심리학(30만 부 기념 스페셜 에디션),모건 하우절,인플루엔셜,경제/경영,66.0,1940.0
9791192389233,마음의 기술,안-엘렌 클레르 외,상상스퀘어,인문,5.0,1945.0
9788954693462,디 에센셜: 한강(무선 보급판),한강,문학동네,소설,6.0,1951.0
9788947549882,이코노미스트 2025 세계대전망,이코노미스트,한국경제신문,경제/경영,3.0,1954.0
9788965138068,그의 운명에 대한  아주 개인적인 생각,유시민,생각의길,정치/사회,9.0,1963.0
9791193869154,알트코인 하이퍼 사이클,신민철(처리형),거인의정원,경제/경영,3.0,1966.0
9788925574394,무의식은 어떻게 나를 설계하는가,데이비드 이글먼,알에이치코리아,과학,3.0,1969.0
9791198517425,불변의 법칙,모건 하우절,서삼독,경제/경영,20.0,1989.0
9791140710690,인생의 의미,토마스 힐란드 에릭센,더퀘스트,인문,6.0,1995.0
9791192300818,마흔에 읽는 쇼펜하우어,강용수,유노북스,인문,32.0,2027.0
9788932020006,바람이 분다 가라,한강,문학과지성사,소설,6.0,2033.0
9791162145043,행복할 거야 이래도 되나 싶을 정도로,일홍,부크럼,시/에세이,5.0,2038.0
9791193937211,머니 트렌드 2025,정태익 외,북모먼트,경제/경영,6.0,2044.0
9791193388075,나는 왜 남들보다 쉽게 지칠까,최재훈,서스테인,인문,5.0,2049.0
9791139716146,행동하지 않으면 인생은 바뀌지 않는다,브라이언 트레이시,현대지성,자기계발,3.0,2052.0
9791194033455,더 나은 어휘를 쓰고 싶은 당신을 위한 필사책,이주윤,빅피시,인문,4.0,2056.0
9791187142560,데일 카네기 인간관계론(50만부 돌파 초판 무삭제 완역본),데일 카네기,현대지성,자기계발,71.0,2127.0
9791193282090,당신에게 분명 좋은 일만 생길 거예요,이슬비,다담북스,시/에세이,5.0,2132.0
9791141601300,이중 하나는 거짓말,김애란,문학동네,소설,11.0,2143.0
9791168473690,세이노의 가르침(올블랙 유광 에디션),세이노(SayNo),데이원,자기계발,47.0,2190.0
9791193647646,시한부,백은별,바른북스,청소년,12.0,2202.0
9791167372864,구의 증명,최진영,은행나무,소설,40.0,2242.0
9788901276533,나는 메트로폴리탄 미술관의 경비원입니다(20만 부 기념 양장 에디션),패트릭 브링리,웅진지식하우스,시/에세이,26.0,2268.0
9788934911388,가난한 찰리의 연감,찰리 멍거,김영사,경제/경영,6.0,2274.0
9791193904251,소득혁명,브라이언 페이지,서삼독,자기계발,3.0,2277.0
9788984374942,미로 속 아이,기욤 뮈소,밝은세상,소설,3.0,2280.0
9791170611875,시대예보: 호명사회,송길영,교보문고,경제/경영,8.0,2288.0
9788936480608,나의 인생만사 답사기,유홍준,창비,시/에세이,5.0,2293.0
9788932034812,여수의 사랑,한강,문학과지성사,소설,6.0,2299.0
9788957365793,자본주의,EBS 자본주의 제작팀,가나출판사,경제/경영,38.0,2337.0
9791193282045,쇼펜하우어 인생수업: 한 번뿐인 삶 이렇게 살아라,쇼펜하우어,하이스트,인문,20.0,2357.0
9791198854384,김재우의 기초 영어회화 100,김재우,상상스퀘어,외국어,3.0,2360.0
9791157847679,박태웅의 AI 강의 2025,박태웅,한빛비즈,경제/경영,7.0,2367.0
9791188331796,돈의 속성(300쇄 리커버에디션),김승호,스노우폭스북스,경제/경영,71.0,2438.0
9791170611561,당신이 누군가를 죽였다,히가시노 게이고,북다,소설,11.0,2449.0
9791191061048,언젠가 우리가 같은 별을 바라본다면,차인표,해결책,청소년,12.0,2461.0
9788936439651,대온실 수리 보고서,김금희,창비,소설,7.0,2468.0
9791193937198,빛이 이끄는 곳으로,백희성,북로망스,소설,7.0,2475.0
9788965424765,해커스 토익 RC Reading(리딩) 기본서,David Cho,해커스어학연구소,외국어,48.0,2523.0
9791193780084,나는 미국 월배당 ETF로 40대에 은퇴한다,최영민,지음미디어,경제/경영,7.0,2530.0
9788934972464,사피엔스,유발 하라리,김영사,인문,60.0,2590.0
9788983711892,코스모스,칼 세이건,사이언스북스,과학,71.0,2661.0
9791191369540,왜 당신은 다른 사람을 위해 살고 있는가,고윤(페이서스 코리아),딥앤와이드,인문,13.0,2674.0
9788937460449,데미안,헤르만 헤세,민음사,소설,59.0,2733.0
9791197647666,기분이 태도가 되지 말자 (20만부 기념),김수현(훈글),하이스트,시/에세이,34.0,2767.0
9788901290324,말의 힘,윤석금,리더스북,자기계발,2.0,2769.0
9788954648905,검은 사슴,한강,문학동네,소설,6.0,2775.0
9788934942467,총 균 쇠,재레드 다이아몬드,김영사,역사/문화,40.0,2815.0
9788998441074,나는 소망한다 내게 금지된 것을,양귀자,쓰다,소설,6.0,2821.0
9791198774835,말투만 바꿨을 뿐인데,김민성,PROFILER BOOKS,자기계발,6.0,2827.0
9791194033127,더 좋은 문장을 쓰고 싶은 당신을 위한 필사책,이주윤,빅피시,인문,11.0,2838.0
9788917237481,ETS 토익기출 파트별 VOCA,ETS,YBM,외국어,47.0,2885.0
9788965424215,해커스 일본어 첫걸음: 기초20일 독학 완성!,해커스 일본어연구소,해커스어학연구소,외국어,54.0,2939.0
9791188469994,당신은 결국 무엇이든 해내는 사람(특별 리커버 에디션),김상현,필름(Feelm),시/에세이,42.0,2981.0
9791189352745,내가 한 말을 내가 오해하지 않기로 함,문상훈,위너스북,시/에세이,22.0,3003.0
9791191505467,사월이네 공부법,김재련 외,허들링북스,가정/육아,1.0,3004.0
9788954681155,홍학의 자리,정해연,엘릭시르,소설,23.0,3027.0
9791193238493,당신을 알기 전에는 시 없이도 잘 지냈습니다,류시화,수오서재,시/에세이,4.0,3031.0
9791189856502,쓸 만한 인간,박정민,상상출판,시/에세이,2.0,3033.0
9791198682550,너에게 들려주는 단단한 말,김종원,퍼스트펭귄,청소년,12.0,3045.0
9788937461033,인간 실격,다자이 오사무,민음사,소설,71.0,3116.0
9791157280292,꽃을 보듯 너를 본다,나태주,지혜,시/에세이,56.0,3172.0
9791171179077,우리는 사랑 안에 살고 있다,유혜주 외,21세기북스,시/에세이,3.0,3175.0
9788965424772,해커스 토익 LC Listening(리스닝) 기본서,David Cho,해커스어학연구소,외국어,37.0,3212.0
9788917235944,토익 단기공략 750+(LC+RC),ETS,YBM,외국어,53.0,3265.0
9791167552723,죽이고 싶은 아이 2,이꽃님,우리학교,청소년,14.0,3279.0
9791198243430,최소한의 한국사,최태성,프런트페이지,역사/문화,38.0,3317.0
9788965421030,해커스 보카(Hackers Vocabulary),David Cho,해커스어학연구소,외국어,40.0,3357.0
9791190313186,지적 대화를 위한 넓고 얕은 지식 1,채사장,웨일북(whalebooks),인문,58.0,3415.0
9788932473901,이기적 유전자,리처드 도킨스,을유문화사,과학,71.0,3486.0
9791193300398,망그러진 만화 3,유랑,좋은생각,시/에세이,2.0,3488.0
9788954697941,두 사람의 인터내셔널,김기태,문학동네,소설,7.0,3495.0
9791191769845,더 빠르게 실패하기(15만 부 기념 에디션),존 크럼볼츠 외,스노우폭스북스,자기계발,1.0,3496.0
9788937460586,싯다르타,헤르만 헤세,민음사,소설,13.0,3509.0
9791193937372,새들이 남쪽으로 가는 날,리사 리드센,북파머스,소설,2.0,3511.0
9788932013046,그대의 차가운 손,한강,문학과지성사,소설,4.0,3515.0
9791191043754,세상의 마지막 기차역(리커버 에디션),무라세 다케시,모모,소설,63.0,3578.0
9791198173898,비가 오면 열리는 상점,유영광,클레이하우스,소설,14.0,3592.0
9788937460616,설국,가와바타 야스나리,민음사,소설,1.0,3593.0
9788997575169,원씽(The One Thing)(60만 부 기념 스페셜 에디션),게리 켈러 외,비즈니스북스,자기계발,58.0,3651.0
9791193282038,우리에게 남은 시간 46일,이설,하이스트,소설,5.0,3656.0
9791191401981,주아쌤의 툭 치면 탁 나오는 영어회화(해외 여행 에디션),주아쌤(이정은),몽스북,외국어,8.0,3664.0
9791193506844,생각의 연금술,제임스 알렌 외,포레스트북스,자기계발,9.0,3673.0
9791189327156,물고기는 존재하지 않는다,룰루 밀러,곰출판,과학,71.0,3744.0
9791194184034,즐거운 어른,이옥선,이야기장수,시/에세이,9.0,3753.0
9788952766984,국가는 왜 실패하는가,대런 애쓰모글루 외,시공사,정치/사회,5.0,3758.0
9791194276555,존재의 역사,팀 콜슨,오픈도어북스,과학,2.0,3760.0
9791168271999,부모의 어휘력,김종원,카시오페아,가정/육아,12.0,3772.0
9791158883591,부자 아빠 가난한 아빠 1(20주년 특별 기념판),로버트 기요사키,민음인,경제/경영,70.0,3842.0
9788937443848,이방인,알베르 카뮈,민음사,소설,23.0,3865.0
9791140709960,외우지 않는 편안함 동사 X 전치사 도감,권은희,길벗이지톡,외국어,7.0,3872.0
9791170612001,세계미래보고서 2025-2035,박영숙 외,교보문고,경제/경영,2.0,3874.0
9788937434488,노르웨이의 숲,무라카미 하루키,민음사,소설,18.0,3892.0
9791198686114,THE MONEY BOOK(더 머니북),토스,비바리퍼블리카,경제/경영,11.0,3903.0
9788937462146,면도날,서머싯 몸,민음사,소설,6.0,3909.0
9788956609959,종의 기원,정유정,은행나무,소설,9.0,3918.0
9788965424628,한 권으로 끝내는 해커스 토익 700+(LC+RC+VOCA),해커스 어학연구소,해커스어학연구소,외국어,21.0,3939.0
9791167740984,도둑맞은 집중력,요한 하리,어크로스,인문,39.0,3978.0
9791169084178,B주류경제학,토스 외,오리지널스,경제/경영,3.0,3981.0
9788954605816,눈물상자,한강,문학동네,소설,6.0,3987.0
9791162203620,파과,구병모,위즈덤하우스,소설,13.0,4000.0
